{
  "capital": 0.0,
  "totaltradingdays": 15,
  "windays": 5,
  "lossdays": 10,
  "maxwinningstreakdays": 2,
  "maxlosingstreakdays": 4,
  "maxdddays": 24,
  "maxdddaysstr": " to 31/03/2023",
  "rewardtorisk": 0.0,
  "winrate": 33.33333333333333,
  "lossrate": 66.66666666666666,
  "avgmonthlyprofit": -3050.744346000001,
  "totalprofit": -3050.744346000001,
  "maxprofitaday": 415.97,
  "maxlossaday": -1808.5,
  "avgprofit_lossdaily": -127.11375000000004,
  "avgprofitonprofitdays": 324.74800000000005,
  "avglossonlossdays": -467.4470000000001,
  "maxdrawdown": 3361.653859000001,
  "maxdrawdownper": 0.0,
  "avgmonthlyprofitstr": "-3.05K",
  "totalprofitstr": "-3.05K",
  "maxprofitadaystr": "415.97",
  "maxlossadaystr": "-1.81K",
  "avgprofit_lossdailystr": "-127.11",
  "avgprofitonprofitdaysstr": "324.75",
  "avglossonlossdaysstr": "-467.45",
  "maxdrawdownstr": "3.36K",
  "expectancyratio": 0.0
}