{
  "capital": 0.0,
  "totaltradingdays": 41,
  "windays": 23,
  "lossdays": 18,
  "maxwinningstreakdays": 9,
  "maxlosingstreakdays": 4,
  "maxdddays": 73,
  "maxdddaysstr": " to 31/03/2023",
  "rewardtorisk": 0.0,
  "winrate": 56.09756097560976,
  "lossrate": 43.90243902439025,
  "avgmonthlyprofit": -120356.42940166668,
  "totalprofit": -361069.28820500005,
  "maxprofitaday": 55862.75,
  "maxlossaday": -165507.72,
  "avgprofit_lossdaily": -4946.154794520548,
  "avgprofitonprofitdays": 18569.259565217388,
  "avglossonlossdays": -43786.79277777777,
  "maxdrawdown": 361069.28820500005,
  "maxdrawdownper": 0.0,
  "avgmonthlyprofitstr": "-1.2L",
  "totalprofitstr": "-3.61L",
  "maxprofitadaystr": "55.86K",
  "maxlossadaystr": "-1.66L",
  "avgprofit_lossdailystr": "-4.95K",
  "avgprofitonprofitdaysstr": "18.57K",
  "avglossonlossdaysstr": "-43.79K",
  "maxdrawdownstr": "3.61L",
  "expectancyratio": 0.0
}