{
  "capital": 0.0,
  "totaltradingdays": 225,
  "windays": 120,
  "lossdays": 105,
  "maxwinningstreakdays": 9,
  "maxlosingstreakdays": 5,
  "maxdddays": 358,
  "maxdddaysstr": " to 19/04/2024",
  "rewardtorisk": 0.0,
  "winrate": 53.333333333333336,
  "lossrate": 46.666666666666664,
  "avgmonthlyprofit": -36304.68796418754,
  "totalprofit": -580875.0074270007,
  "maxprofitaday": 107980.01,
  "maxlossaday": -305198.56,
  "avgprofit_lossdaily": -1622.5560614525134,
  "avgprofitonprofitdays": 13204.81483333333,
  "avglossonlossdays": -20623.360476190468,
  "maxdrawdown": 780531.1369120006,
  "maxdrawdownper": 0.0,
  "avgmonthlyprofitstr": "-36.3K",
  "totalprofitstr": "-5.81L",
  "maxprofitadaystr": "1.08L",
  "maxlossadaystr": "-3.05L",
  "avgprofit_lossdailystr": "-1.62K",
  "avgprofitonprofitdaysstr": "13.2K",
  "avglossonlossdaysstr": "-20.62K",
  "maxdrawdownstr": "7.81L",
  "expectancyratio": 0.0
}