{
  "capital": 0.0,
  "totaltradingdays": 225,
  "windays": 119,
  "lossdays": 106,
  "maxwinningstreakdays": 9,
  "maxlosingstreakdays": 5,
  "maxdddays": 358,
  "maxdddaysstr": " to 05/03/2024",
  "rewardtorisk": 0.0,
  "winrate": 52.888888888888886,
  "lossrate": 47.11111111111111,
  "avgmonthlyprofit": -62439.45389725005,
  "totalprofit": -999031.2623560008,
  "maxprofitaday": 107980.01,
  "maxlossaday": -305198.56,
  "avgprofit_lossdaily": -2790.590279329608,
  "avgprofitonprofitdays": 12248.160168067225,
  "avglossonlossdays": -23175.11679245283,
  "maxdrawdown": 1136217.3942650012,
  "maxdrawdownper": 0.0,
  "avgmonthlyprofitstr": "-62.44K",
  "totalprofitstr": "-9.99L",
  "maxprofitadaystr": "1.08L",
  "maxlossadaystr": "-3.05L",
  "avgprofit_lossdailystr": "-2.79K",
  "avgprofitonprofitdaysstr": "12.25K",
  "avglossonlossdaysstr": "-23.18K",
  "maxdrawdownstr": "11.36L",
  "expectancyratio": 0.0
}