{
  "capital": 0.0,
  "totaltradingdays": 106,
  "windays": 62,
  "lossdays": 44,
  "maxwinningstreakdays": 8,
  "maxlosingstreakdays": 6,
  "maxdddays": 119,
  "maxdddaysstr": " to 06/09/2023",
  "rewardtorisk": 0.0,
  "winrate": 58.490566037735846,
  "lossrate": 41.509433962264154,
  "avgmonthlyprofit": 32414.048121000003,
  "totalprofit": 421382.62557300006,
  "maxprofitaday": 168087.51,
  "maxlossaday": -72379.97,
  "avgprofit_lossdaily": 1428.4157966101695,
  "avgprofitonprofitdays": 18437.424838709678,
  "avglossonlossdays": -16403.12909090909,
  "maxdrawdown": 113872.67400300001,
  "maxdrawdownper": 0.0,
  "avgmonthlyprofitstr": "32.41K",
  "totalprofitstr": "4.21L",
  "maxprofitadaystr": "1.68L",
  "maxlossadaystr": "-72.38K",
  "avgprofit_lossdailystr": "1.43K",
  "avgprofitonprofitdaysstr": "18.44K",
  "avglossonlossdaysstr": "-16.4K",
  "maxdrawdownstr": "1.14L",
  "expectancyratio": 0.0
}