{
  "capital": 0.0,
  "totaltradingdays": 236,
  "windays": 150,
  "lossdays": 86,
  "maxwinningstreakdays": 12,
  "maxlosingstreakdays": 7,
  "maxdddays": 134,
  "maxdddaysstr": " to 31/05/2023",
  "rewardtorisk": 0.0,
  "winrate": 63.559322033898304,
  "lossrate": 36.440677966101696,
  "avgmonthlyprofit": 52059.646877687526,
  "totalprofit": 832954.3500430004,
  "maxprofitaday": 337492.72,
  "maxlossaday": -417625.72,
  "avgprofit_lossdaily": 2245.159919137466,
  "avgprofitonprofitdays": 31016.607733333334,
  "avglossonlossdays": -44413.218953488366,
  "maxdrawdown": 595094.6245069999,
  "maxdrawdownper": 0.0,
  "avgmonthlyprofitstr": "52.06K",
  "totalprofitstr": "8.33L",
  "maxprofitadaystr": "3.37L",
  "maxlossadaystr": "-4.18L",
  "avgprofit_lossdailystr": "2.25K",
  "avgprofitonprofitdaysstr": "31.02K",
  "avglossonlossdaysstr": "-44.41K",
  "maxdrawdownstr": "5.95L",
  "expectancyratio": 0.0
}