{
  "capital": 0.0,
  "totaltradingdays": 235,
  "windays": 150,
  "lossdays": 85,
  "maxwinningstreakdays": 12,
  "maxlosingstreakdays": 6,
  "maxdddays": 75,
  "maxdddaysstr": " to 31/05/2023",
  "rewardtorisk": 0.0,
  "winrate": 63.829787234042556,
  "lossrate": 36.17021276595745,
  "avgmonthlyprofit": 83343.53879609998,
  "totalprofit": 833435.3879609997,
  "maxprofitaday": 337492.72,
  "maxlossaday": -417625.72,
  "avgprofit_lossdaily": 3546.5334893617023,
  "avgprofitonprofitdays": 31016.607733333334,
  "avglossonlossdays": -44930.06811764705,
  "maxdrawdown": 594613.5865890007,
  "maxdrawdownper": 0.0,
  "avgmonthlyprofitstr": "83.34K",
  "totalprofitstr": "8.33L",
  "maxprofitadaystr": "3.37L",
  "maxlossadaystr": "-4.18L",
  "avgprofit_lossdailystr": "3.55K",
  "avgprofitonprofitdaysstr": "31.02K",
  "avglossonlossdaysstr": "-44.93K",
  "maxdrawdownstr": "5.95L",
  "expectancyratio": 0.0
}