{
  "capital": 0.0,
  "totaltradingdays": 236,
  "windays": 150,
  "lossdays": 86,
  "maxwinningstreakdays": 12,
  "maxlosingstreakdays": 7,
  "maxdddays": 134,
  "maxdddaysstr": " to 31/05/2023",
  "rewardtorisk": 0.0,
  "winrate": 63.559322033898304,
  "lossrate": 36.440677966101696,
  "avgmonthlyprofit": 52130.36999293753,
  "totalprofit": 834085.9198870005,
  "maxprofitaday": 337492.718579,
  "maxlossaday": -417625.717774,
  "avgprofit_lossdaily": 2248.210026649597,
  "avgprofitonprofitdays": 31016.607721993314,
  "avglossonlossdays": -44400.06091176744,
  "maxdrawdown": 595094.6245069999,
  "maxdrawdownper": 0.0,
  "avgmonthlyprofitstr": "52.13K",
  "totalprofitstr": "8.34L",
  "maxprofitadaystr": "3.37L",
  "maxlossadaystr": "-4.18L",
  "avgprofit_lossdailystr": "2.25K",
  "avgprofitonprofitdaysstr": "31.02K",
  "avglossonlossdaysstr": "-44.4K",
  "maxdrawdownstr": "5.95L",
  "expectancyratio": 0.0
}