{
  "capital": 0.0,
  "totaltradingdays": 3,
  "windays": 1,
  "lossdays": 2,
  "maxwinningstreakdays": 1,
  "maxlosingstreakdays": 1,
  "maxdddays": 3,
  "maxdddaysstr": " to 25/02/2024",
  "rewardtorisk": 0.0,
  "winrate": 33.33333333333333,
  "lossrate": 66.66666666666666,
  "avgmonthlyprofit": 0.0,
  "totalprofit": 415.8213259999999,
  "maxprofitaday": 712.5320529999999,
  "maxlossaday": -232.45218599999998,
  "avgprofit_lossdaily": 83.16426519999997,
  "avgprofitonprofitdays": 712.5320529999999,
  "avglossonlossdays": -148.3553635,
  "maxdrawdown": 232.45218599999998,
  "maxdrawdownper": 0.0,
  "avgmonthlyprofitstr": "",
  "totalprofitstr": "415.82",
  "maxprofitadaystr": "712.53",
  "maxlossadaystr": "-232.45",
  "avgprofit_lossdailystr": "83.16",
  "avgprofitonprofitdaysstr": "712.53",
  "avglossonlossdaysstr": "-148.36",
  "maxdrawdownstr": "232.45",
  "expectancyratio": 0.0
}