{
  "capital": 0.0,
  "totaltradingdays": 43,
  "windays": 18,
  "lossdays": 25,
  "maxwinningstreakdays": 5,
  "maxlosingstreakdays": 9,
  "maxdddays": 48,
  "maxdddaysstr": " to 27/03/2024",
  "rewardtorisk": 0.0,
  "winrate": 41.86046511627907,
  "lossrate": 58.139534883720934,
  "avgmonthlyprofit": 26254.745092666664,
  "totalprofit": 78764.235278,
  "maxprofitaday": 104885.28,
  "maxlossaday": -61746.27,
  "avgprofit_lossdaily": 926.6380000000003,
  "avgprofitonprofitdays": 14910.265555555558,
  "avglossonlossdays": -7584.821999999998,
  "maxdrawdown": 130672.61280200002,
  "maxdrawdownper": 0.0,
  "avgmonthlyprofitstr": "26.25K",
  "totalprofitstr": "78.76K",
  "maxprofitadaystr": "1.05L",
  "maxlossadaystr": "-61.75K",
  "avgprofit_lossdailystr": "926.64",
  "avgprofitonprofitdaysstr": "14.91K",
  "avglossonlossdaysstr": "-7.58K",
  "maxdrawdownstr": "1.31L",
  "expectancyratio": 0.0
}