{
  "capital": 0.0,
  "totaltradingdays": 223,
  "windays": 155,
  "lossdays": 68,
  "maxwinningstreakdays": 12,
  "maxlosingstreakdays": 4,
  "maxdddays": 36,
  "maxdddaysstr": " to 07/06/2023",
  "rewardtorisk": 0.0,
  "winrate": 69.50672645739911,
  "lossrate": 30.493273542600896,
  "avgmonthlyprofit": 121118.97750640004,
  "totalprofit": 1211189.7750640004,
  "maxprofitaday": 118095.88,
  "maxlossaday": -142037.88,
  "avgprofit_lossdaily": 5431.344215246638,
  "avgprofitonprofitdays": 17390.136322580638,
  "avglossonlossdays": -21827.66720588235,
  "maxdrawdown": 187761.61898899986,
  "maxdrawdownper": 0.0,
  "avgmonthlyprofitstr": "1.21L",
  "totalprofitstr": "12.11L",
  "maxprofitadaystr": "1.18L",
  "maxlossadaystr": "-1.42L",
  "avgprofit_lossdailystr": "5.43K",
  "avgprofitonprofitdaysstr": "17.39K",
  "avglossonlossdaysstr": "-21.83K",
  "maxdrawdownstr": "1.88L",
  "expectancyratio": 0.0
}