{
  "capital": 0.0,
  "totaltradingdays": 49,
  "windays": 38,
  "lossdays": 11,
  "maxwinningstreakdays": 20,
  "maxlosingstreakdays": 2,
  "maxdddays": 86,
  "maxdddaysstr": " to 06/03/2024",
  "rewardtorisk": 0.0,
  "winrate": 77.55102040816327,
  "lossrate": 22.448979591836736,
  "avgmonthlyprofit": -9481.147523000001,
  "totalprofit": -28443.442569000003,
  "maxprofitaday": 10836.78,
  "maxlossaday": -26231.75,
  "avgprofit_lossdaily": -330.7376744186046,
  "avgprofitonprofitdays": 865.1818421052633,
  "avglossonlossdays": -5574.577272727272,
  "maxdrawdown": 28443.442569000003,
  "maxdrawdownper": 0.0,
  "avgmonthlyprofitstr": "-9.48K",
  "totalprofitstr": "-28.44K",
  "maxprofitadaystr": "10.84K",
  "maxlossadaystr": "-26.23K",
  "avgprofit_lossdailystr": "-330.74",
  "avgprofitonprofitdaysstr": "865.18",
  "avglossonlossdaysstr": "-5.57K",
  "maxdrawdownstr": "28.44K",
  "expectancyratio": 0.0
}