{
  "capital": 0.0,
  "totaltradingdays": 41,
  "windays": 7,
  "lossdays": 34,
  "maxwinningstreakdays": 1,
  "maxlosingstreakdays": 9,
  "maxdddays": 53,
  "maxdddaysstr": " to 11/02/2024",
  "rewardtorisk": 0.0,
  "winrate": 17.073170731707318,
  "lossrate": 82.92682926829268,
  "avgmonthlyprofit": -1269516.2444590002,
  "totalprofit": -3808548.7333770003,
  "maxprofitaday": 2774392.43,
  "maxlossaday": -2919397.41,
  "avgprofit_lossdaily": -44806.45564705883,
  "avgprofitonprofitdays": 563703.2642857142,
  "avglossonlossdays": -228072.69352941177,
  "maxdrawdown": 6006265.74374,
  "maxdrawdownper": 0.0,
  "avgmonthlyprofitstr": "-12.7L",
  "totalprofitstr": "-38.09L",
  "maxprofitadaystr": "27.74L",
  "maxlossadaystr": "-29.19L",
  "avgprofit_lossdailystr": "-44.81K",
  "avgprofitonprofitdaysstr": "5.64L",
  "avglossonlossdaysstr": "-2.28L",
  "maxdrawdownstr": "60.06L",
  "expectancyratio": 0.0
}