{
  "capital": 0.0,
  "totaltradingdays": 243,
  "windays": 189,
  "lossdays": 54,
  "maxwinningstreakdays": 16,
  "maxlosingstreakdays": 4,
  "maxdddays": 13,
  "maxdddaysstr": " to 26/03/2023",
  "rewardtorisk": 0.0,
  "winrate": 77.77777777777779,
  "lossrate": 22.22222222222222,
  "avgmonthlyprofit": 165852.60554468748,
  "totalprofit": 2653641.6887149997,
  "maxprofitaday": 63788.02,
  "maxlossaday": -117714.73,
  "avgprofit_lossdaily": 7412.406759776541,
  "avgprofitonprofitdays": 19508.37835978837,
  "avglossonlossdays": -19137.812777777777,
  "maxdrawdown": 117714.730583,
  "maxdrawdownper": 0.0,
  "avgmonthlyprofitstr": "1.66L",
  "totalprofitstr": "26.54L",
  "maxprofitadaystr": "63.79K",
  "maxlossadaystr": "-1.18L",
  "avgprofit_lossdailystr": "7.41K",
  "avgprofitonprofitdaysstr": "19.51K",
  "avglossonlossdaysstr": "-19.14K",
  "maxdrawdownstr": "1.18L",
  "expectancyratio": 0.0
}