{
  "capital": 0.0,
  "totaltradingdays": 61,
  "windays": 38,
  "lossdays": 23,
  "maxwinningstreakdays": 6,
  "maxlosingstreakdays": 3,
  "maxdddays": 18,
  "maxdddaysstr": " to 07/01/2024",
  "rewardtorisk": 0.0,
  "winrate": 62.295081967213115,
  "lossrate": 37.704918032786885,
  "avgmonthlyprofit": 1230900.5669260002,
  "totalprofit": 4923602.267704001,
  "maxprofitaday": 549732.67,
  "maxlossaday": -520470.11,
  "avgprofit_lossdaily": 54706.691888888905,
  "avgprofitonprofitdays": 200746.73394736846,
  "avglossonlossdays": -117598.85304347826,
  "maxdrawdown": 520470.11177700013,
  "maxdrawdownper": 0.0,
  "avgmonthlyprofitstr": "12.31L",
  "totalprofitstr": "49.24L",
  "maxprofitadaystr": "5.5L",
  "maxlossadaystr": "-5.2L",
  "avgprofit_lossdailystr": "54.71K",
  "avgprofitonprofitdaysstr": "2.01L",
  "avglossonlossdaysstr": "-1.18L",
  "maxdrawdownstr": "5.2L",
  "expectancyratio": 0.0
}