{
  "capital": 0.0,
  "totaltradingdays": 197,
  "windays": 95,
  "lossdays": 102,
  "maxwinningstreakdays": 6,
  "maxlosingstreakdays": 6,
  "maxdddays": 37,
  "maxdddaysstr": " to 19/04/2023",
  "rewardtorisk": 0.0,
  "winrate": 48.223350253807105,
  "lossrate": 51.776649746192895,
  "avgmonthlyprofit": 11338.409393999997,
  "totalprofit": 181414.55030399995,
  "maxprofitaday": 10682.11,
  "maxlossaday": -9262.36,
  "avgprofit_lossdaily": 506.744720670391,
  "avgprofitonprofitdays": 2507.833894736842,
  "avglossonlossdays": -557.1530392156862,
  "maxdrawdown": 13472.367234000005,
  "maxdrawdownper": 0.0,
  "avgmonthlyprofitstr": "11.34K",
  "totalprofitstr": "1.81L",
  "maxprofitadaystr": "10.68K",
  "maxlossadaystr": "-9.26K",
  "avgprofit_lossdailystr": "506.74",
  "avgprofitonprofitdaysstr": "2.51K",
  "avglossonlossdaysstr": "-557.15",
  "maxdrawdownstr": "13.47K",
  "expectancyratio": 0.0
}