{
  "capital": 0.0,
  "totaltradingdays": 243,
  "windays": 153,
  "lossdays": 90,
  "maxwinningstreakdays": 9,
  "maxlosingstreakdays": 4,
  "maxdddays": 153,
  "maxdddaysstr": " to 13/08/2023",
  "rewardtorisk": 0.0,
  "winrate": 62.96296296296296,
  "lossrate": 37.03703703703704,
  "avgmonthlyprofit": 447467.32480531244,
  "totalprofit": 7159477.196884999,
  "maxprofitaday": 456180.1,
  "maxlossaday": -234096.96,
  "avgprofit_lossdaily": 19998.539664804466,
  "avgprofitonprofitdays": 76535.1402614379,
  "avglossonlossdays": -50559.99177777779,
  "maxdrawdown": 327224.2161179995,
  "maxdrawdownper": 0.0,
  "avgmonthlyprofitstr": "4.47L",
  "totalprofitstr": "71.59L",
  "maxprofitadaystr": "4.56L",
  "maxlossadaystr": "-2.34L",
  "avgprofit_lossdailystr": "20K",
  "avgprofitonprofitdaysstr": "76.54K",
  "avglossonlossdaysstr": "-50.56K",
  "maxdrawdownstr": "3.27L",
  "expectancyratio": 0.0
}