{
  "capital": 0.0,
  "totaltradingdays": 11,
  "windays": 5,
  "lossdays": 6,
  "maxwinningstreakdays": 2,
  "maxlosingstreakdays": 2,
  "maxdddays": 11,
  "maxdddaysstr": " to 11/04/2024",
  "rewardtorisk": 0.0,
  "winrate": 45.45454545454545,
  "lossrate": 54.54545454545454,
  "avgmonthlyprofit": 14774.571847000003,
  "totalprofit": 14774.571847000003,
  "maxprofitaday": 20832.6,
  "maxlossaday": -7279.12,
  "avgprofit_lossdaily": 447.71454545454543,
  "avgprofitonprofitdays": 4943.929999999999,
  "avglossonlossdays": -1657.5116666666663,
  "maxdrawdown": 7279.120170999999,
  "maxdrawdownper": 0.0,
  "avgmonthlyprofitstr": "14.77K",
  "totalprofitstr": "14.77K",
  "maxprofitadaystr": "20.83K",
  "maxlossadaystr": "-7.28K",
  "avgprofit_lossdailystr": "447.71",
  "avgprofitonprofitdaysstr": "4.94K",
  "avglossonlossdaysstr": "-1.66K",
  "maxdrawdownstr": "7.28K",
  "expectancyratio": 0.0
}