{
  "capital": 0.0,
  "totaltradingdays": 21,
  "windays": 18,
  "lossdays": 3,
  "maxwinningstreakdays": 15,
  "maxlosingstreakdays": 1,
  "maxdddays": 11,
  "maxdddaysstr": " to 11/02/2024",
  "rewardtorisk": 0.0,
  "winrate": 85.71428571428571,
  "lossrate": 14.285714285714285,
  "avgmonthlyprofit": 471302.98576400004,
  "totalprofit": 471302.98576400004,
  "maxprofitaday": 99760.38,
  "maxlossaday": -20912.05,
  "avgprofit_lossdaily": 16251.827586206895,
  "avgprofitonprofitdays": 28571.55666666667,
  "avglossonlossdays": -14328.339999999998,
  "maxdrawdown": 32620.739915,
  "maxdrawdownper": 0.0,
  "avgmonthlyprofitstr": "4.71L",
  "totalprofitstr": "4.71L",
  "maxprofitadaystr": "99.76K",
  "maxlossadaystr": "-20.91K",
  "avgprofit_lossdailystr": "16.25K",
  "avgprofitonprofitdaysstr": "28.57K",
  "avglossonlossdaysstr": "-14.33K",
  "maxdrawdownstr": "32.62K",
  "expectancyratio": 0.0
}