{
  "capital": 0.0,
  "totaltradingdays": 149,
  "windays": 82,
  "lossdays": 67,
  "maxwinningstreakdays": 11,
  "maxlosingstreakdays": 9,
  "maxdddays": 161,
  "maxdddaysstr": " to 24/09/2023",
  "rewardtorisk": 0.0,
  "winrate": 55.033557046979865,
  "lossrate": 44.966442953020135,
  "avgmonthlyprofit": 12338.27839446667,
  "totalprofit": 185074.17591700004,
  "maxprofitaday": 40202.08,
  "maxlossaday": -94242.2,
  "avgprofit_lossdaily": 547.5566863905326,
  "avgprofitonprofitdays": 6926.216829268293,
  "avglossonlossdays": -5714.561492537314,
  "maxdrawdown": 163355.14264499999,
  "maxdrawdownper": 0.0,
  "avgmonthlyprofitstr": "12.34K",
  "totalprofitstr": "1.85L",
  "maxprofitadaystr": "40.2K",
  "maxlossadaystr": "-94.24K",
  "avgprofit_lossdailystr": "547.56",
  "avgprofitonprofitdaysstr": "6.93K",
  "avglossonlossdaysstr": "-5.71K",
  "maxdrawdownstr": "1.63L",
  "expectancyratio": 0.0
}