{
  "capital": 0.0,
  "totaltradingdays": 167,
  "windays": 96,
  "lossdays": 71,
  "maxwinningstreakdays": 11,
  "maxlosingstreakdays": 9,
  "maxdddays": 161,
  "maxdddaysstr": " to 24/09/2023",
  "rewardtorisk": 0.0,
  "winrate": 57.48502994011976,
  "lossrate": 42.51497005988024,
  "avgmonthlyprofit": 22782.31935056251,
  "totalprofit": 364517.10960900015,
  "maxprofitaday": 128245.77,
  "maxlossaday": -94242.2,
  "avgprofit_lossdaily": 990.5355706521739,
  "avgprofitonprofitdays": 9932.168645833333,
  "avglossonlossdays": -8295.367605633804,
  "maxdrawdown": 163355.14264499999,
  "maxdrawdownper": 0.0,
  "avgmonthlyprofitstr": "22.78K",
  "totalprofitstr": "3.65L",
  "maxprofitadaystr": "1.28L",
  "maxlossadaystr": "-94.24K",
  "avgprofit_lossdailystr": "990.54",
  "avgprofitonprofitdaysstr": "9.93K",
  "avglossonlossdaysstr": "-8.3K",
  "maxdrawdownstr": "1.63L",
  "expectancyratio": 0.0
}