{
  "capital": 0.0,
  "totaltradingdays": 165,
  "windays": 96,
  "lossdays": 69,
  "maxwinningstreakdays": 11,
  "maxlosingstreakdays": 9,
  "maxdddays": 44,
  "maxdddaysstr": " to 20/07/2023",
  "rewardtorisk": 0.0,
  "winrate": 58.18181818181818,
  "lossrate": 41.81818181818181,
  "avgmonthlyprofit": 52114.290630714306,
  "totalprofit": 364800.0344150001,
  "maxprofitaday": 128245.77,
  "maxlossaday": -94242.2,
  "avgprofit_lossdaily": 2210.909212121212,
  "avgprofitonprofitdays": 9932.168645833333,
  "avglossonlossdays": -8531.712608695652,
  "maxdrawdown": 163355.14264499999,
  "maxdrawdownper": 0.0,
  "avgmonthlyprofitstr": "52.11K",
  "totalprofitstr": "3.65L",
  "maxprofitadaystr": "1.28L",
  "maxlossadaystr": "-94.24K",
  "avgprofit_lossdailystr": "2.21K",
  "avgprofitonprofitdaysstr": "9.93K",
  "avglossonlossdaysstr": "-8.53K",
  "maxdrawdownstr": "1.63L",
  "expectancyratio": 0.0
}