{
  "capital": 0.0,
  "totaltradingdays": 155,
  "windays": 86,
  "lossdays": 69,
  "maxwinningstreakdays": 11,
  "maxlosingstreakdays": 9,
  "maxdddays": 161,
  "maxdddaysstr": " to 24/09/2023",
  "rewardtorisk": 0.0,
  "winrate": 55.483870967741936,
  "lossrate": 44.516129032258064,
  "avgmonthlyprofit": 11447.118907600005,
  "totalprofit": 171706.78361400007,
  "maxprofitaday": 45214.56,
  "maxlossaday": -94242.2,
  "avgprofit_lossdaily": 494.83219020172913,
  "avgprofitonprofitdays": 7676.833837209302,
  "avglossonlossdays": -7079.723768115943,
  "maxdrawdown": 163355.14264499999,
  "maxdrawdownper": 0.0,
  "avgmonthlyprofitstr": "11.45K",
  "totalprofitstr": "1.72L",
  "maxprofitadaystr": "45.21K",
  "maxlossadaystr": "-94.24K",
  "avgprofit_lossdailystr": "494.83",
  "avgprofitonprofitdaysstr": "7.68K",
  "avglossonlossdaysstr": "-7.08K",
  "maxdrawdownstr": "1.63L",
  "expectancyratio": 0.0
}