{
  "capital": 0.0,
  "totaltradingdays": 13,
  "windays": 3,
  "lossdays": 10,
  "maxwinningstreakdays": 1,
  "maxlosingstreakdays": 8,
  "maxdddays": 30,
  "maxdddaysstr": " to 28/03/2024",
  "rewardtorisk": 0.0,
  "winrate": 23.076923076923077,
  "lossrate": 76.92307692307693,
  "avgmonthlyprofit": -3011.4502949999587,
  "totalprofit": -3011.4502949999587,
  "maxprofitaday": 213134.93,
  "maxlossaday": -88622.77,
  "avgprofit_lossdaily": -100.38233333333434,
  "avgprofitonprofitdays": 93304.48666666665,
  "avglossonlossdays": -28292.493000000006,
  "maxdrawdown": 216146.38393199997,
  "maxdrawdownper": 0.0,
  "avgmonthlyprofitstr": "-3.01K",
  "totalprofitstr": "-3.01K",
  "maxprofitadaystr": "2.13L",
  "maxlossadaystr": "-88.62K",
  "avgprofit_lossdailystr": "-100.38",
  "avgprofitonprofitdaysstr": "93.3K",
  "avglossonlossdaysstr": "-28.29K",
  "maxdrawdownstr": "2.16L",
  "expectancyratio": 0.0
}