{
  "capital": 0.0,
  "totaltradingdays": 244,
  "windays": 171,
  "lossdays": 73,
  "maxwinningstreakdays": 12,
  "maxlosingstreakdays": 4,
  "maxdddays": 36,
  "maxdddaysstr": " to 07/06/2023",
  "rewardtorisk": 0.0,
  "winrate": 70.08196721311475,
  "lossrate": 29.918032786885245,
  "avgmonthlyprofit": 93281.95367890917,
  "totalprofit": 1026101.4904680009,
  "maxprofitaday": 118095.88,
  "maxlossaday": -198746.72,
  "avgprofit_lossdaily": 4205.33393442623,
  "avgprofitonprofitdays": 16916.458947368417,
  "avglossonlossdays": -25570.041095890407,
  "maxdrawdown": 350002.5114259998,
  "maxdrawdownper": 0.0,
  "avgmonthlyprofitstr": "93.28K",
  "totalprofitstr": "10.26L",
  "maxprofitadaystr": "1.18L",
  "maxlossadaystr": "-1.99L",
  "avgprofit_lossdailystr": "4.21K",
  "avgprofitonprofitdaysstr": "16.92K",
  "avglossonlossdaysstr": "-25.57K",
  "maxdrawdownstr": "3.5L",
  "expectancyratio": 0.0
}