{
  "capital": 0.0,
  "totaltradingdays": 19,
  "windays": 13,
  "lossdays": 6,
  "maxwinningstreakdays": 4,
  "maxlosingstreakdays": 1,
  "maxdddays": 1,
  "maxdddaysstr": " to 29-02-2024",
  "rewardtorisk": 0.0,
  "winrate": 68.42105263157895,
  "lossrate": 31.57894736842105,
  "avgmonthlyprofit": 3271127.7903299993,
  "totalprofit": 3271127.7903299993,
  "maxprofitaday": 678221.29,
  "maxlossaday": -300593.02,
  "avgprofit_lossdaily": 116825.99285714286,
  "avgprofitonprofitdays": 301529.1084615385,
  "avglossonlossdays": -108125.10166666667,
  "maxdrawdown": 300593.02356999996,
  "maxdrawdownper": 0.0,
  "avgmonthlyprofitstr": "32.71L",
  "totalprofitstr": "32.71L",
  "maxprofitadaystr": "6.78L",
  "maxlossadaystr": "-3.01L",
  "avgprofit_lossdailystr": "1.17L",
  "avgprofitonprofitdaysstr": "3.02L",
  "avglossonlossdaysstr": "-1.08L",
  "maxdrawdownstr": "3.01L",
  "expectancyratio": 0.0
}