{
  "capital": 0.0,
  "totaltradingdays": 13,
  "windays": 2,
  "lossdays": 11,
  "maxwinningstreakdays": 1,
  "maxlosingstreakdays": 9,
  "maxdddays": 14,
  "maxdddaysstr": " to 11/02/2024",
  "rewardtorisk": 0.0,
  "winrate": 15.384615384615385,
  "lossrate": 84.61538461538461,
  "avgmonthlyprofit": 2008825.9587680001,
  "totalprofit": 2008825.9587680001,
  "maxprofitaday": 2774392.433332,
  "maxlossaday": -242538.81556800002,
  "avgprofit_lossdaily": 69269.86064717242,
  "avgprofitonprofitdays": 1445704.8971595,
  "avglossonlossdays": -80234.894141,
  "maxdrawdown": 668166.482812,
  "maxdrawdownper": 0.0,
  "avgmonthlyprofitstr": "20.09L",
  "totalprofitstr": "20.09L",
  "maxprofitadaystr": "27.74L",
  "maxlossadaystr": "-2.43L",
  "avgprofit_lossdailystr": "69.27K",
  "avgprofitonprofitdaysstr": "14.46L",
  "avglossonlossdaysstr": "-80.23K",
  "maxdrawdownstr": "6.68L",
  "expectancyratio": 0.0
}