{
  "capital": 0.0,
  "totaltradingdays": 112,
  "windays": 72,
  "lossdays": 40,
  "maxwinningstreakdays": 7,
  "maxlosingstreakdays": 3,
  "winrate": 64.28571428571429,
  "avgmonthlyprofit": 0.0,
  "totalprofit": 919000.0,
  "avgmonthlyroi": 0.0,
  "totalroi": 0.0,
  "maxprofitaday": 122423.75,
  "maxlossaday": -250058.75,
  "avgprofit_lossdaily": 8205.357142857143,
  "avgprofitonprofitdays": 44239.86111111111,
  "avglossonlossdays": 44239.86111111111,
  "maxdrawdown": 554005.0,
  "maxdrawdownper": 0.0
}