{
  "capital": 0.0,
  "totaltradingdays": 44,
  "windays": 23,
  "lossdays": 21,
  "maxwinningstreakdays": 6,
  "maxlosingstreakdays": 5,
  "maxdddays": 42,
  "maxdddaysstr": " to 17/03/2024",
  "rewardtorisk": 0.0,
  "winrate": 52.27272727272727,
  "lossrate": 47.72727272727273,
  "avgmonthlyprofit": -32140.40825800001,
  "totalprofit": -64280.81651600002,
  "maxprofitaday": 55402.65,
  "maxlossaday": -101879.58,
  "avgprofit_lossdaily": -1004.3885937500002,
  "avgprofitonprofitdays": 17185.325652173917,
  "avglossonlossdays": -21883.01714285714,
  "maxdrawdown": 117341.96522900001,
  "maxdrawdownper": 0.0,
  "avgmonthlyprofitstr": "-32.14K",
  "totalprofitstr": "-64.28K",
  "maxprofitadaystr": "55.4K",
  "maxlossadaystr": "-1.02L",
  "avgprofit_lossdailystr": "-1K",
  "avgprofitonprofitdaysstr": "17.19K",
  "avglossonlossdaysstr": "-21.88K",
  "maxdrawdownstr": "1.17L",
  "expectancyratio": 0.0
}