{
  "capital": 0.0,
  "totaltradingdays": 45,
  "windays": 32,
  "lossdays": 13,
  "maxwinningstreakdays": 5,
  "maxlosingstreakdays": 2,
  "maxdddays": 48,
  "maxdddaysstr": " to 10/03/2024",
  "rewardtorisk": 0.0,
  "winrate": 71.11111111111111,
  "lossrate": 28.888888888888886,
  "avgmonthlyprofit": 18458.46902433336,
  "totalprofit": 55375.40707300008,
  "maxprofitaday": 184639.4,
  "maxlossaday": -318064.61,
  "avgprofit_lossdaily": 839.0215151515165,
  "avgprofitonprofitdays": 49939.1021875,
  "avglossonlossdays": -118667.37307692309,
  "maxdrawdown": 476444.17655199993,
  "maxdrawdownper": 0.0,
  "avgmonthlyprofitstr": "18.46K",
  "totalprofitstr": "55.38K",
  "maxprofitadaystr": "1.85L",
  "maxlossadaystr": "-3.18L",
  "avgprofit_lossdailystr": "839.02",
  "avgprofitonprofitdaysstr": "49.94K",
  "avglossonlossdaysstr": "-1.19L",
  "maxdrawdownstr": "4.76L",
  "expectancyratio": 0.0
}