{
  "capital": 0.0,
  "totaltradingdays": 57,
  "windays": 26,
  "lossdays": 31,
  "maxwinningstreakdays": 5,
  "maxlosingstreakdays": 5,
  "maxdddays": 22,
  "maxdddaysstr": " to 27/11/2023",
  "rewardtorisk": 0.0,
  "winrate": 45.614035087719294,
  "lossrate": 54.385964912280706,
  "avgmonthlyprofit": 39167.27702025002,
  "totalprofit": 156669.10808100007,
  "maxprofitaday": 44230.865842,
  "maxlossaday": -45731.007884,
  "avgprofit_lossdaily": 1437.3312667981659,
  "avgprofitonprofitdays": 17184.713815499996,
  "avglossonlossdays": -9359.143584580646,
  "maxdrawdown": 75244.38024799997,
  "maxdrawdownper": 0.0,
  "avgmonthlyprofitstr": "39.17K",
  "totalprofitstr": "1.57L",
  "maxprofitadaystr": "44.23K",
  "maxlossadaystr": "-45.73K",
  "avgprofit_lossdailystr": "1.44K",
  "avgprofitonprofitdaysstr": "17.18K",
  "avglossonlossdaysstr": "-9.36K",
  "maxdrawdownstr": "75.24K",
  "expectancyratio": 0.0
}