{
  "capital": 0.0,
  "totaltradingdays": 58,
  "windays": 27,
  "lossdays": 31,
  "maxwinningstreakdays": 5,
  "maxlosingstreakdays": 5,
  "maxdddays": 22,
  "maxdddaysstr": " to 27/11/2023",
  "rewardtorisk": 0.0,
  "winrate": 46.55172413793103,
  "lossrate": 53.44827586206896,
  "avgmonthlyprofit": 33946.76108940002,
  "totalprofit": 169733.80544700008,
  "maxprofitaday": 44230.865842,
  "maxlossaday": -45731.007884,
  "avgprofit_lossdaily": 1543.034594972728,
  "avgprofitonprofitdays": 17032.120613666662,
  "avglossonlossdays": -9359.143584580646,
  "maxdrawdown": 75244.38024799997,
  "maxdrawdownper": 0.0,
  "avgmonthlyprofitstr": "33.95K",
  "totalprofitstr": "1.7L",
  "maxprofitadaystr": "44.23K",
  "maxlossadaystr": "-45.73K",
  "avgprofit_lossdailystr": "1.54K",
  "avgprofitonprofitdaysstr": "17.03K",
  "avglossonlossdaysstr": "-9.36K",
  "maxdrawdownstr": "75.24K",
  "expectancyratio": 0.0
}