{
  "capital": 0.0,
  "totaltradingdays": 199,
  "windays": 128,
  "lossdays": 71,
  "maxwinningstreakdays": 12,
  "maxlosingstreakdays": 7,
  "maxdddays": 64,
  "maxdddaysstr": " to 16/05/2023",
  "rewardtorisk": 0.0,
  "winrate": 64.321608040201,
  "lossrate": 35.678391959798994,
  "avgmonthlyprofit": 69682.62345514288,
  "totalprofit": 975556.7283720004,
  "maxprofitaday": 337492.72,
  "maxlossaday": -417625.72,
  "avgprofit_lossdaily": 3087.2048101265827,
  "avgprofitonprofitdays": 33026.73187499999,
  "avglossonlossdays": -45800.91492957747,
  "maxdrawdown": 595094.6245069999,
  "maxdrawdownper": 0.0,
  "avgmonthlyprofitstr": "69.68K",
  "totalprofitstr": "9.76L",
  "maxprofitadaystr": "3.37L",
  "maxlossadaystr": "-4.18L",
  "avgprofit_lossdailystr": "3.09K",
  "avgprofitonprofitdaysstr": "33.03K",
  "avglossonlossdaysstr": "-45.8K",
  "maxdrawdownstr": "5.95L",
  "expectancyratio": 0.0
}