{
  "capital": 0.0,
  "totaltradingdays": 196,
  "windays": 127,
  "lossdays": 69,
  "maxwinningstreakdays": 12,
  "maxlosingstreakdays": 7,
  "maxdddays": 48,
  "maxdddaysstr": " to 03/05/2023",
  "rewardtorisk": 0.0,
  "winrate": 64.79591836734694,
  "lossrate": 35.204081632653065,
  "avgmonthlyprofit": 81498.36697857144,
  "totalprofit": 1140977.1377000003,
  "maxprofitaday": 337492.72,
  "maxlossaday": -417625.72,
  "avgprofit_lossdaily": 3645.294345047924,
  "avgprofitonprofitdays": 33270.85188976378,
  "avglossonlossdays": -44701.75449275362,
  "maxdrawdown": 595094.624507,
  "maxdrawdownper": 0.0,
  "avgmonthlyprofitstr": "81.5K",
  "totalprofitstr": "11.41L",
  "maxprofitadaystr": "3.37L",
  "maxlossadaystr": "-4.18L",
  "avgprofit_lossdailystr": "3.65K",
  "avgprofitonprofitdaysstr": "33.27K",
  "avglossonlossdaysstr": "-44.7K",
  "maxdrawdownstr": "5.95L",
  "expectancyratio": 0.0
}