{
  "capital": 0.0,
  "totaltradingdays": 94,
  "windays": 36,
  "lossdays": 58,
  "maxwinningstreakdays": 3,
  "maxlosingstreakdays": 8,
  "maxdddays": 82,
  "maxdddaysstr": " to 12/12/2023",
  "rewardtorisk": 0.0,
  "winrate": 38.297872340425535,
  "lossrate": 61.702127659574465,
  "avgmonthlyprofit": 62465.49243062497,
  "totalprofit": 499723.93944499973,
  "maxprofitaday": 213354.77,
  "maxlossaday": -215143.67,
  "avgprofit_lossdaily": 2776.2438888888887,
  "avgprofitonprofitdays": 49971.74666666665,
  "avglossonlossdays": -22401.01689655173,
  "maxdrawdown": 275723.27403800003,
  "maxdrawdownper": 0.0,
  "avgmonthlyprofitstr": "62.47K",
  "totalprofitstr": "5L",
  "maxprofitadaystr": "2.13L",
  "maxlossadaystr": "-2.15L",
  "avgprofit_lossdailystr": "2.78K",
  "avgprofitonprofitdaysstr": "49.97K",
  "avglossonlossdaysstr": "-22.4K",
  "maxdrawdownstr": "2.76L",
  "expectancyratio": 0.0
}