{
  "capital": 0.0,
  "totaltradingdays": 21,
  "windays": 12,
  "lossdays": 9,
  "maxwinningstreakdays": 4,
  "maxlosingstreakdays": 2,
  "maxdddays": 29,
  "maxdddaysstr": " to 29-02-2024",
  "rewardtorisk": 0.0,
  "winrate": 57.14285714285714,
  "lossrate": 42.857142857142854,
  "avgmonthlyprofit": -1252435.9748840001,
  "totalprofit": -1252435.9748840001,
  "maxprofitaday": 218343.82,
  "maxlossaday": -877676.85,
  "avgprofit_lossdaily": -43187.447586206894,
  "avgprofitonprofitdays": 88996.89583333333,
  "avglossonlossdays": -257822.0811111111,
  "maxdrawdown": 1370187.5936550002,
  "maxdrawdownper": 0.0,
  "avgmonthlyprofitstr": "-12.52L",
  "totalprofitstr": "-12.52L",
  "maxprofitadaystr": "2.18L",
  "maxlossadaystr": "-8.78L",
  "avgprofit_lossdailystr": "-43.19K",
  "avgprofitonprofitdaysstr": "89K",
  "avglossonlossdaysstr": "-2.58L",
  "maxdrawdownstr": "13.7L",
  "expectancyratio": 0.0
}