{
  "capital": 0.0,
  "totaltradingdays": 65,
  "windays": 29,
  "lossdays": 36,
  "maxwinningstreakdays": 7,
  "maxlosingstreakdays": 7,
  "maxdddays": 99,
  "maxdddaysstr": " to 13/02/2024",
  "rewardtorisk": 0.0,
  "winrate": 44.61538461538462,
  "lossrate": 55.38461538461539,
  "avgmonthlyprofit": 433919.54440999986,
  "totalprofit": 1735678.1776399994,
  "maxprofitaday": 1993223.61,
  "maxlossaday": -627172.55,
  "avgprofit_lossdaily": 15923.65311926605,
  "avgprofitonprofitdays": 227629.4375862069,
  "avglossonlossdays": -135154.87500000003,
  "maxdrawdown": 1909234.6497800008,
  "maxdrawdownper": 0.0,
  "avgmonthlyprofitstr": "4.34L",
  "totalprofitstr": "17.36L",
  "maxprofitadaystr": "19.93L",
  "maxlossadaystr": "-6.27L",
  "avgprofit_lossdailystr": "15.92K",
  "avgprofitonprofitdaysstr": "2.28L",
  "avglossonlossdaysstr": "-1.35L",
  "maxdrawdownstr": "19.09L",
  "expectancyratio": 0.0
}