{
  "capital": 0.0,
  "totaltradingdays": 87,
  "windays": 21,
  "lossdays": 66,
  "maxwinningstreakdays": 3,
  "maxlosingstreakdays": 11,
  "maxdddays": 292,
  "maxdddaysstr": " to 05/02/2024",
  "rewardtorisk": 0.0,
  "winrate": 24.137931034482758,
  "lossrate": 75.86206896551724,
  "avgmonthlyprofit": -5633.0998921875025,
  "totalprofit": -90129.59827500004,
  "maxprofitaday": 9088.13,
  "maxlossaday": -18069.35,
  "avgprofit_lossdaily": -250.3601388888889,
  "avgprofitonprofitdays": 3101.1695238095235,
  "avglossonlossdays": -2352.3365151515154,
  "maxdrawdown": 91138.49467000004,
  "maxdrawdownper": 0.0,
  "avgmonthlyprofitstr": "-5.63K",
  "totalprofitstr": "-90.13K",
  "maxprofitadaystr": "9.09K",
  "maxlossadaystr": "-18.07K",
  "avgprofit_lossdailystr": "-250.36",
  "avgprofitonprofitdaysstr": "3.1K",
  "avglossonlossdaysstr": "-2.35K",
  "maxdrawdownstr": "91.14K",
  "expectancyratio": 0.0
}