{
  "capital": 0.0,
  "totaltradingdays": 22,
  "windays": 14,
  "lossdays": 8,
  "maxwinningstreakdays": 5,
  "maxlosingstreakdays": 2,
  "maxdddays": 15,
  "maxdddaysstr": " to 12/02/2024",
  "rewardtorisk": 0.0,
  "winrate": 63.63636363636363,
  "lossrate": 36.36363636363637,
  "avgmonthlyprofit": 251165.81518799992,
  "totalprofit": 251165.81518799992,
  "maxprofitaday": 176368.21459,
  "maxlossaday": -170763.619712,
  "avgprofit_lossdaily": 8372.193839599997,
  "avgprofitonprofitdays": 39095.27229821428,
  "avglossonlossdays": -37020.999623375006,
  "maxdrawdown": 170763.619712,
  "maxdrawdownper": 0.0,
  "avgmonthlyprofitstr": "2.51L",
  "totalprofitstr": "2.51L",
  "maxprofitadaystr": "1.76L",
  "maxlossadaystr": "-1.71L",
  "avgprofit_lossdailystr": "8.37K",
  "avgprofitonprofitdaysstr": "39.1K",
  "avglossonlossdaysstr": "-37.02K",
  "maxdrawdownstr": "1.71L",
  "expectancyratio": 0.0
}