{
  "capital": 0.0,
  "totaltradingdays": 130,
  "windays": 43,
  "lossdays": 87,
  "maxwinningstreakdays": 4,
  "maxlosingstreakdays": 7,
  "maxdddays": 62,
  "maxdddaysstr": " to 11/07/2023",
  "rewardtorisk": 0.0,
  "winrate": 33.07692307692307,
  "lossrate": 66.92307692307692,
  "avgmonthlyprofit": 130969.46171218749,
  "totalprofit": 2095511.3873949999,
  "maxprofitaday": 685100.67,
  "maxlossaday": -77419.22,
  "avgprofit_lossdaily": 5953.157329545456,
  "avgprofitonprofitdays": 64479.08906976744,
  "avglossonlossdays": -7782.6373563218385,
  "maxdrawdown": 104785.01982299995,
  "maxdrawdownper": 0.0,
  "avgmonthlyprofitstr": "1.31L",
  "totalprofitstr": "20.96L",
  "maxprofitadaystr": "6.85L",
  "maxlossadaystr": "-77.42K",
  "avgprofit_lossdailystr": "5.95K",
  "avgprofitonprofitdaysstr": "64.48K",
  "avglossonlossdaysstr": "-7.78K",
  "maxdrawdownstr": "1.05L",
  "expectancyratio": 0.0
}