{
  "capital": 0.0,
  "totaltradingdays": 37,
  "windays": 17,
  "lossdays": 20,
  "maxwinningstreakdays": 3,
  "maxlosingstreakdays": 4,
  "maxdddays": 27,
  "maxdddaysstr": " to 15/02/2024",
  "rewardtorisk": 0.0,
  "winrate": 45.94594594594595,
  "lossrate": 54.054054054054056,
  "avgmonthlyprofit": 155132.33028249996,
  "totalprofit": 310264.6605649999,
  "maxprofitaday": 94020.31,
  "maxlossaday": -67266.06,
  "avgprofit_lossdaily": 5540.440714285714,
  "avgprofitonprofitdays": 46092.24352941176,
  "avglossonlossdays": -23665.173000000003,
  "maxdrawdown": 118583.23191099998,
  "maxdrawdownper": 0.0,
  "avgmonthlyprofitstr": "1.55L",
  "totalprofitstr": "3.1L",
  "maxprofitadaystr": "94.02K",
  "maxlossadaystr": "-67.27K",
  "avgprofit_lossdailystr": "5.54K",
  "avgprofitonprofitdaysstr": "46.09K",
  "avglossonlossdaysstr": "-23.67K",
  "maxdrawdownstr": "1.19L",
  "expectancyratio": 0.0
}