{
  "capital": 0.0,
  "totaltradingdays": 49,
  "windays": 23,
  "lossdays": 26,
  "maxwinningstreakdays": 7,
  "maxlosingstreakdays": 6,
  "maxdddays": 70,
  "maxdddaysstr": " to 07/02/2024",
  "rewardtorisk": 0.0,
  "winrate": 46.93877551020408,
  "lossrate": 53.06122448979592,
  "avgmonthlyprofit": 781400.2109413332,
  "totalprofit": 2344200.6328239995,
  "maxprofitaday": 1993223.605164,
  "maxlossaday": -627172.548018,
  "avgprofit_lossdaily": 27258.14689330232,
  "avgprofitonprofitdays": 255114.72575473916,
  "avglossonlossdays": -135516.84844365387,
  "maxdrawdown": 1300712.1945960002,
  "maxdrawdownper": 0.0,
  "avgmonthlyprofitstr": "7.81L",
  "totalprofitstr": "23.44L",
  "maxprofitadaystr": "19.93L",
  "maxlossadaystr": "-6.27L",
  "avgprofit_lossdailystr": "27.26K",
  "avgprofitonprofitdaysstr": "2.55L",
  "avglossonlossdaysstr": "-1.36L",
  "maxdrawdownstr": "13.01L",
  "expectancyratio": 0.0
}