{
  "capital": 0.0,
  "totaltradingdays": 150,
  "windays": 82,
  "lossdays": 68,
  "maxwinningstreakdays": 11,
  "maxlosingstreakdays": 9,
  "maxdddays": 161,
  "maxdddaysstr": " to 24/09/2023",
  "rewardtorisk": 0.0,
  "winrate": 54.666666666666664,
  "lossrate": 45.33333333333333,
  "avgmonthlyprofit": 10425.530523133331,
  "totalprofit": 156382.95784699998,
  "maxprofitaday": 40202.08,
  "maxlossaday": -94242.2,
  "avgprofit_lossdaily": 461.3066076696166,
  "avgprofitonprofitdays": 6926.216829268293,
  "avglossonlossdays": -6052.453529411766,
  "maxdrawdown": 163355.14264499999,
  "maxdrawdownper": 0.0,
  "avgmonthlyprofitstr": "10.43K",
  "totalprofitstr": "1.56L",
  "maxprofitadaystr": "40.2K",
  "maxlossadaystr": "-94.24K",
  "avgprofit_lossdailystr": "461.31",
  "avgprofitonprofitdaysstr": "6.93K",
  "avglossonlossdaysstr": "-6.05K",
  "maxdrawdownstr": "1.63L",
  "expectancyratio": 0.0
}