{
  "capital": 0.0,
  "totaltradingdays": 163,
  "windays": 56,
  "lossdays": 107,
  "maxwinningstreakdays": 5,
  "maxlosingstreakdays": 9,
  "maxdddays": 395,
  "maxdddaysstr": " to 03/05/2024",
  "rewardtorisk": 0.0,
  "winrate": 34.355828220858896,
  "lossrate": 65.6441717791411,
  "avgmonthlyprofit": -3746.65952047059,
  "totalprofit": -63693.21184800003,
  "maxprofitaday": 9185.9,
  "maxlossaday": -6339.14,
  "avgprofit_lossdaily": -161.24850632911387,
  "avgprofitonprofitdays": 2078.3667857142855,
  "avglossonlossdays": -1683.0065420560743,
  "maxdrawdown": 64338.53492100003,
  "maxdrawdownper": 0.0,
  "avgmonthlyprofitstr": "-3.75K",
  "totalprofitstr": "-63.69K",
  "maxprofitadaystr": "9.19K",
  "maxlossadaystr": "-6.34K",
  "avgprofit_lossdailystr": "-161.25",
  "avgprofitonprofitdaysstr": "2.08K",
  "avglossonlossdaysstr": "-1.68K",
  "maxdrawdownstr": "64.34K",
  "expectancyratio": 0.0
}