{
  "capital": 0.0,
  "totaltradingdays": 22,
  "windays": 13,
  "lossdays": 9,
  "maxwinningstreakdays": 5,
  "maxlosingstreakdays": 3,
  "maxdddays": 28,
  "maxdddaysstr": " to 25/02/2024",
  "rewardtorisk": 0.0,
  "winrate": 59.09090909090909,
  "lossrate": 40.909090909090914,
  "avgmonthlyprofit": 128695.97995600002,
  "totalprofit": 128695.97995600002,
  "maxprofitaday": 126584.246598,
  "maxlossaday": -148944.469554,
  "avgprofit_lossdaily": 4289.865998533334,
  "avgprofitonprofitdays": 56722.11235646155,
  "avglossonlossdays": -67632.386742,
  "maxdrawdown": 311395.720039,
  "maxdrawdownper": 0.0,
  "avgmonthlyprofitstr": "1.29L",
  "totalprofitstr": "1.29L",
  "maxprofitadaystr": "1.27L",
  "maxlossadaystr": "-1.49L",
  "avgprofit_lossdailystr": "4.29K",
  "avgprofitonprofitdaysstr": "56.72K",
  "avglossonlossdaysstr": "-67.63K",
  "maxdrawdownstr": "3.11L",
  "expectancyratio": 0.0
}