{
  "capital": 0.0,
  "totaltradingdays": 33,
  "windays": 17,
  "lossdays": 16,
  "maxwinningstreakdays": 7,
  "maxlosingstreakdays": 6,
  "maxdddays": 32,
  "maxdddaysstr": " to 09/04/2024",
  "rewardtorisk": 0.0,
  "winrate": 51.515151515151516,
  "lossrate": 48.484848484848484,
  "avgmonthlyprofit": 36624.670656000264,
  "totalprofit": 36624.670656000264,
  "maxprofitaday": 553622.6,
  "maxlossaday": -1249589.47,
  "avgprofit_lossdaily": 1109.8387878787805,
  "avgprofitonprofitdays": 224166.71529411763,
  "avglossonlossdays": -235888.09249999997,
  "maxdrawdown": 2390526.580451,
  "maxdrawdownper": 0.0,
  "avgmonthlyprofitstr": "36.62K",
  "totalprofitstr": "36.62K",
  "maxprofitadaystr": "5.54L",
  "maxlossadaystr": "-12.5L",
  "avgprofit_lossdailystr": "1.11K",
  "avgprofitonprofitdaysstr": "2.24L",
  "avglossonlossdaysstr": "-2.36L",
  "maxdrawdownstr": "23.91L",
  "expectancyratio": 0.0
}