{
  "capital": 0.0,
  "totaltradingdays": 217,
  "windays": 157,
  "lossdays": 60,
  "maxwinningstreakdays": 11,
  "maxlosingstreakdays": 3,
  "maxdddays": 12,
  "maxdddaysstr": " to 16/01/2023",
  "rewardtorisk": 0.0,
  "winrate": 72.35023041474655,
  "lossrate": 27.64976958525346,
  "avgmonthlyprofit": 492627.12042575,
  "totalprofit": 7882033.926812,
  "maxprofitaday": 287173.042718,
  "maxlossaday": -235039.967824,
  "avgprofit_lossdaily": 21955.526258529248,
  "avgprofitonprofitdays": 63882.408165993635,
  "avglossonlossdays": -35791.735920816674,
  "maxdrawdown": 235039.96782399993,
  "maxdrawdownper": 0.0,
  "avgmonthlyprofitstr": "4.93L",
  "totalprofitstr": "78.82L",
  "maxprofitadaystr": "2.87L",
  "maxlossadaystr": "-2.35L",
  "avgprofit_lossdailystr": "21.96K",
  "avgprofitonprofitdaysstr": "63.88K",
  "avglossonlossdaysstr": "-35.79K",
  "maxdrawdownstr": "2.35L",
  "expectancyratio": 0.0
}