{
  "capital": 0.0,
  "totaltradingdays": 34,
  "windays": 20,
  "lossdays": 14,
  "maxwinningstreakdays": 9,
  "maxlosingstreakdays": 4,
  "maxdddays": 49,
  "maxdddaysstr": " to 28/03/2024",
  "rewardtorisk": 0.0,
  "winrate": 58.82352941176471,
  "lossrate": 41.17647058823529,
  "avgmonthlyprofit": -230503.85878049998,
  "totalprofit": -461007.71756099997,
  "maxprofitaday": 69243.28,
  "maxlossaday": -395020.79,
  "avgprofit_lossdaily": -9408.321224489791,
  "avgprofitonprofitdays": 24859.389000000003,
  "avglossonlossdays": -68442.53714285714,
  "maxdrawdown": 673390.8909360002,
  "maxdrawdownper": 0.0,
  "avgmonthlyprofitstr": "-2.31L",
  "totalprofitstr": "-4.61L",
  "maxprofitadaystr": "69.24K",
  "maxlossadaystr": "-3.95L",
  "avgprofit_lossdailystr": "-9.41K",
  "avgprofitonprofitdaysstr": "24.86K",
  "avglossonlossdaysstr": "-68.44K",
  "maxdrawdownstr": "6.73L",
  "expectancyratio": 0.0
}