{
  "capital": 0.0,
  "totaltradingdays": 115,
  "windays": 66,
  "lossdays": 49,
  "maxwinningstreakdays": 8,
  "maxlosingstreakdays": 9,
  "maxdddays": 57,
  "maxdddaysstr": " to 20/12/2023",
  "rewardtorisk": 0.0,
  "winrate": 57.391304347826086,
  "lossrate": 42.608695652173914,
  "avgmonthlyprofit": 36107.79688842856,
  "totalprofit": 252754.57821899993,
  "maxprofitaday": 41916.62,
  "maxlossaday": -25520.89,
  "avgprofit_lossdaily": 1495.5894674556216,
  "avgprofitonprofitdays": 7643.870000000001,
  "avglossonlossdays": -5137.567346938777,
  "maxdrawdown": 36763.911813000006,
  "maxdrawdownper": 0.0,
  "avgmonthlyprofitstr": "36.11K",
  "totalprofitstr": "2.53L",
  "maxprofitadaystr": "41.92K",
  "maxlossadaystr": "-25.52K",
  "avgprofit_lossdailystr": "1.5K",
  "avgprofitonprofitdaysstr": "7.64K",
  "avglossonlossdaysstr": "-5.14K",
  "maxdrawdownstr": "36.76K",
  "expectancyratio": 0.0
}