{
  "capital": 0.0,
  "totaltradingdays": 89,
  "windays": 78,
  "lossdays": 11,
  "maxwinningstreakdays": 21,
  "maxlosingstreakdays": 1,
  "maxdddays": 28,
  "maxdddaysstr": " to 04/12/2023",
  "rewardtorisk": 0.0,
  "winrate": 87.64044943820225,
  "lossrate": 12.359550561797752,
  "avgmonthlyprofit": 1041660.8995291665,
  "totalprofit": 6249965.397174999,
  "maxprofitaday": 1779565.19,
  "maxlossaday": -1025869.27,
  "avgprofit_lossdaily": 46641.532910447764,
  "avgprofitonprofitdays": 127999.07743589747,
  "avglossonlossdays": -339451.1481818182,
  "maxdrawdown": 1164043.766274,
  "maxdrawdownper": 0.0,
  "avgmonthlyprofitstr": "10.42L",
  "totalprofitstr": "62.5L",
  "maxprofitadaystr": "17.8L",
  "maxlossadaystr": "-10.26L",
  "avgprofit_lossdailystr": "46.64K",
  "avgprofitonprofitdaysstr": "1.28L",
  "avglossonlossdaysstr": "-3.39L",
  "maxdrawdownstr": "11.64L",
  "expectancyratio": 0.0
}