{
  "capital": 0.0,
  "totaltradingdays": 178,
  "windays": 123,
  "lossdays": 55,
  "maxwinningstreakdays": 13,
  "maxlosingstreakdays": 5,
  "maxdddays": 53,
  "maxdddaysstr": " to 05/07/2023",
  "rewardtorisk": 0.0,
  "winrate": 69.10112359550563,
  "lossrate": 30.89887640449438,
  "avgmonthlyprofit": 426052.49650749995,
  "totalprofit": 3408419.9720599996,
  "maxprofitaday": 888220.11,
  "maxlossaday": -590914.24,
  "avgprofit_lossdaily": 19148.426910112357,
  "avgprofitonprofitdays": 56772.21967479674,
  "avglossonlossdays": -64992.0550909091,
  "maxdrawdown": 922693.8283130014,
  "maxdrawdownper": 0.0,
  "avgmonthlyprofitstr": "4.26L",
  "totalprofitstr": "34.08L",
  "maxprofitadaystr": "8.88L",
  "maxlossadaystr": "-5.91L",
  "avgprofit_lossdailystr": "19.15K",
  "avgprofitonprofitdaysstr": "56.77K",
  "avglossonlossdaysstr": "-64.99K",
  "maxdrawdownstr": "9.23L",
  "expectancyratio": 0.0
}