{
  "capital": 0.0,
  "totaltradingdays": 47,
  "windays": 29,
  "lossdays": 18,
  "maxwinningstreakdays": 5,
  "maxlosingstreakdays": 4,
  "maxdddays": 24,
  "maxdddaysstr": " to 14/01/2024",
  "rewardtorisk": 0.0,
  "winrate": 61.702127659574465,
  "lossrate": 38.297872340425535,
  "avgmonthlyprofit": 49626.85001375001,
  "totalprofit": 198507.40005500003,
  "maxprofitaday": 43928.59,
  "maxlossaday": -61982.48,
  "avgprofit_lossdaily": 2230.4199999999996,
  "avgprofitonprofitdays": 11845.63103448276,
  "avglossonlossdays": -8056.4400000000005,
  "maxdrawdown": 62181.614738000004,
  "maxdrawdownper": 0.0,
  "avgmonthlyprofitstr": "49.63K",
  "totalprofitstr": "1.99L",
  "maxprofitadaystr": "43.93K",
  "maxlossadaystr": "-61.98K",
  "avgprofit_lossdailystr": "2.23K",
  "avgprofitonprofitdaysstr": "11.85K",
  "avglossonlossdaysstr": "-8.06K",
  "maxdrawdownstr": "62.18K",
  "expectancyratio": 0.0
}