{
  "capital": 0.0,
  "totaltradingdays": 21,
  "windays": 13,
  "lossdays": 8,
  "maxwinningstreakdays": 5,
  "maxlosingstreakdays": 2,
  "maxdddays": 30,
  "maxdddaysstr": " to 27/02/2024",
  "rewardtorisk": 0.0,
  "winrate": 61.904761904761905,
  "lossrate": 38.095238095238095,
  "avgmonthlyprofit": -236294.64585200002,
  "totalprofit": -236294.64585200002,
  "maxprofitaday": 184639.401227,
  "maxlossaday": -318064.610637,
  "avgprofit_lossdaily": -7876.488195066667,
  "avgprofitonprofitdays": 51201.33884507693,
  "avglossonlossdays": -112739.00635475,
  "maxdrawdown": 351426.501772,
  "maxdrawdownper": 0.0,
  "avgmonthlyprofitstr": "-2.36L",
  "totalprofitstr": "-2.36L",
  "maxprofitadaystr": "1.85L",
  "maxlossadaystr": "-3.18L",
  "avgprofit_lossdailystr": "-7.88K",
  "avgprofitonprofitdaysstr": "51.2K",
  "avglossonlossdaysstr": "-1.13L",
  "maxdrawdownstr": "3.51L",
  "expectancyratio": 0.0
}