{
  "capital": 0.0,
  "totaltradingdays": 21,
  "windays": 13,
  "lossdays": 8,
  "maxwinningstreakdays": 6,
  "maxlosingstreakdays": 3,
  "maxdddays": 30,
  "maxdddaysstr": " to 28/03/2024",
  "rewardtorisk": 0.0,
  "winrate": 61.904761904761905,
  "lossrate": 38.095238095238095,
  "avgmonthlyprofit": -10819303.755809002,
  "totalprofit": -10819303.755809002,
  "maxprofitaday": 1399169.74,
  "maxlossaday": -4319165.06,
  "avgprofit_lossdaily": -360643.4579999999,
  "avgprofitonprofitdays": 417183.60615384614,
  "avglossonlossdays": -2030336.3274999997,
  "maxdrawdown": 12513749.815075,
  "maxdrawdownper": 0.0,
  "avgmonthlyprofitstr": "-1.08Cr",
  "totalprofitstr": "-1.08Cr",
  "maxprofitadaystr": "13.99L",
  "maxlossadaystr": "-43.19L",
  "avgprofit_lossdailystr": "-3.61L",
  "avgprofitonprofitdaysstr": "4.17L",
  "avglossonlossdaysstr": "-20.3L",
  "maxdrawdownstr": "1.25Cr",
  "expectancyratio": 0.0
}