{
  "capital": 0.0,
  "totaltradingdays": 39,
  "windays": 26,
  "lossdays": 13,
  "maxwinningstreakdays": 7,
  "maxlosingstreakdays": 3,
  "maxdddays": 42,
  "maxdddaysstr": " to 18/02/2024",
  "rewardtorisk": 0.0,
  "winrate": 66.66666666666666,
  "lossrate": 33.33333333333333,
  "avgmonthlyprofit": 348442.1660829999,
  "totalprofit": 696884.3321659998,
  "maxprofitaday": 226664.34,
  "maxlossaday": -275889.18,
  "avgprofit_lossdaily": 12015.247586206897,
  "avgprofitonprofitdays": 83424.10038461539,
  "avglossonlossdays": -113241.71153846153,
  "maxdrawdown": 494135.74630600004,
  "maxdrawdownper": 0.0,
  "avgmonthlyprofitstr": "3.48L",
  "totalprofitstr": "6.97L",
  "maxprofitadaystr": "2.27L",
  "maxlossadaystr": "-2.76L",
  "avgprofit_lossdailystr": "12.02K",
  "avgprofitonprofitdaysstr": "83.42K",
  "avglossonlossdaysstr": "-1.13L",
  "maxdrawdownstr": "4.94L",
  "expectancyratio": 0.0
}