{
  "capital": 0.0,
  "totaltradingdays": 26,
  "windays": 18,
  "lossdays": 8,
  "maxwinningstreakdays": 9,
  "maxlosingstreakdays": 3,
  "maxdddays": 23,
  "maxdddaysstr": " to 23/05/2024",
  "rewardtorisk": 0.0,
  "winrate": 69.23076923076923,
  "lossrate": 30.76923076923077,
  "avgmonthlyprofit": -41297.665349999996,
  "totalprofit": -41297.665349999996,
  "maxprofitaday": 113667.24,
  "maxlossaday": -97839.12,
  "avgprofit_lossdaily": -1588.3726923076902,
  "avgprofitonprofitdays": 16669.97111111111,
  "avglossonlossdays": -42669.646250000005,
  "maxdrawdown": 217851.98748300003,
  "maxdrawdownper": 0.0,
  "avgmonthlyprofitstr": "-41.3K",
  "totalprofitstr": "-41.3K",
  "maxprofitadaystr": "1.14L",
  "maxlossadaystr": "-97.84K",
  "avgprofit_lossdailystr": "-1.59K",
  "avgprofitonprofitdaysstr": "16.67K",
  "avglossonlossdaysstr": "-42.67K",
  "maxdrawdownstr": "2.18L",
  "expectancyratio": 0.0
}