{
  "capital": 0.0,
  "totaltradingdays": 28,
  "windays": 9,
  "lossdays": 19,
  "maxwinningstreakdays": 3,
  "maxlosingstreakdays": 11,
  "maxdddays": 59,
  "maxdddaysstr": " to 18/02/2024",
  "rewardtorisk": 0.0,
  "winrate": 32.142857142857146,
  "lossrate": 67.85714285714286,
  "avgmonthlyprofit": -23285.930802000003,
  "totalprofit": -69857.79240600001,
  "maxprofitaday": 100388.1,
  "maxlossaday": -52122.76,
  "avgprofit_lossdaily": -931.4370666666669,
  "avgprofitonprofitdays": 16661.353333333336,
  "avglossonlossdays": -11568.945263157895,
  "maxdrawdown": 101725.27466999998,
  "maxdrawdownper": 0.0,
  "avgmonthlyprofitstr": "-23.29K",
  "totalprofitstr": "-69.86K",
  "maxprofitadaystr": "1L",
  "maxlossadaystr": "-52.12K",
  "avgprofit_lossdailystr": "-931.44",
  "avgprofitonprofitdaysstr": "16.66K",
  "avglossonlossdaysstr": "-11.57K",
  "maxdrawdownstr": "1.02L",
  "expectancyratio": 0.0
}