{
  "capital": 0.0,
  "totaltradingdays": 46,
  "windays": 34,
  "lossdays": 12,
  "maxwinningstreakdays": 10,
  "maxlosingstreakdays": 2,
  "maxdddays": 13,
  "maxdddaysstr": " to 04/02/2024",
  "rewardtorisk": 0.0,
  "winrate": 73.91304347826086,
  "lossrate": 26.08695652173913,
  "avgmonthlyprofit": 245870.80062866674,
  "totalprofit": 737612.4018860002,
  "maxprofitaday": 223970.35,
  "maxlossaday": -161013.44,
  "avgprofit_lossdaily": 11175.945454545454,
  "avgprofitonprofitdays": 51437.2144117647,
  "avglossonlossdays": -84271.07416666667,
  "maxdrawdown": 319095.47213600005,
  "maxdrawdownper": 0.0,
  "avgmonthlyprofitstr": "2.46L",
  "totalprofitstr": "7.38L",
  "maxprofitadaystr": "2.24L",
  "maxlossadaystr": "-1.61L",
  "avgprofit_lossdailystr": "11.18K",
  "avgprofitonprofitdaysstr": "51.44K",
  "avglossonlossdaysstr": "-84.27K",
  "maxdrawdownstr": "3.19L",
  "expectancyratio": 0.0
}