{
  "capital": 0.0,
  "totaltradingdays": 11,
  "windays": 4,
  "lossdays": 7,
  "maxwinningstreakdays": 2,
  "maxlosingstreakdays": 4,
  "maxdddays": 23,
  "maxdddaysstr": " to 22/02/2024",
  "rewardtorisk": 0.0,
  "winrate": 36.36363636363637,
  "lossrate": 63.63636363636363,
  "avgmonthlyprofit": -14398.680445000007,
  "totalprofit": -14398.680445000007,
  "maxprofitaday": 10811.841948,
  "maxlossaday": -16900.752528,
  "avgprofit_lossdaily": -626.0295845652178,
  "avgprofitonprofitdays": 4488.3649235,
  "avglossonlossdays": -4621.734305571429,
  "maxdrawdown": 21514.408667000007,
  "maxdrawdownper": 0.0,
  "avgmonthlyprofitstr": "-14.4K",
  "totalprofitstr": "-14.4K",
  "maxprofitadaystr": "10.81K",
  "maxlossadaystr": "-16.9K",
  "avgprofit_lossdailystr": "-626.03",
  "avgprofitonprofitdaysstr": "4.49K",
  "avglossonlossdaysstr": "-4.62K",
  "maxdrawdownstr": "21.51K",
  "expectancyratio": 0.0
}