{
  "capital": 0.0,
  "totaltradingdays": 30,
  "windays": 19,
  "lossdays": 11,
  "maxwinningstreakdays": 5,
  "maxlosingstreakdays": 4,
  "maxdddays": 9,
  "maxdddaysstr": " to 28/01/2024",
  "rewardtorisk": 0.0,
  "winrate": 63.33333333333333,
  "lossrate": 36.666666666666664,
  "avgmonthlyprofit": 90354.36841549998,
  "totalprofit": 180708.73683099996,
  "maxprofitaday": 43928.59,
  "maxlossaday": -44999.22,
  "avgprofit_lossdaily": 3011.812166666666,
  "avgprofitonprofitdays": 13445.107368421051,
  "avglossonlossdays": -6795.300909090909,
  "maxdrawdown": 45129.745718000006,
  "maxdrawdownper": 0.0,
  "avgmonthlyprofitstr": "90.35K",
  "totalprofitstr": "1.81L",
  "maxprofitadaystr": "43.93K",
  "maxlossadaystr": "-45K",
  "avgprofit_lossdailystr": "3.01K",
  "avgprofitonprofitdaysstr": "13.45K",
  "avglossonlossdaysstr": "-6.8K",
  "maxdrawdownstr": "45.13K",
  "expectancyratio": 0.0
}