{
  "capital": 0.0,
  "totaltradingdays": 61,
  "windays": 42,
  "lossdays": 19,
  "maxwinningstreakdays": 9,
  "maxlosingstreakdays": 7,
  "maxdddays": 89,
  "maxdddaysstr": " to 19/03/2024",
  "rewardtorisk": 0.0,
  "winrate": 68.85245901639344,
  "lossrate": 31.147540983606557,
  "avgmonthlyprofit": -84905.81193700011,
  "totalprofit": -339623.24774800043,
  "maxprofitaday": 529144.35,
  "maxlossaday": -1836991.19,
  "avgprofit_lossdaily": -3815.9911235955046,
  "avgprofitonprofitdays": 79028.91761904761,
  "avglossonlossdays": -192570.40789473685,
  "maxdrawdown": 1836991.186824,
  "maxdrawdownper": 0.0,
  "avgmonthlyprofitstr": "-84.91K",
  "totalprofitstr": "-3.4L",
  "maxprofitadaystr": "5.29L",
  "maxlossadaystr": "-18.37L",
  "avgprofit_lossdailystr": "-3.82K",
  "avgprofitonprofitdaysstr": "79.03K",
  "avglossonlossdaysstr": "-1.93L",
  "maxdrawdownstr": "18.37L",
  "expectancyratio": 0.0
}