{
  "capital": 0.0,
  "totaltradingdays": 21,
  "windays": 13,
  "lossdays": 8,
  "maxwinningstreakdays": 6,
  "maxlosingstreakdays": 3,
  "maxdddays": 8,
  "maxdddaysstr": " to 08/02/2024",
  "rewardtorisk": 0.0,
  "winrate": 61.904761904761905,
  "lossrate": 38.095238095238095,
  "avgmonthlyprofit": 631065.3626649999,
  "totalprofit": 631065.3626649999,
  "maxprofitaday": 226664.340417,
  "maxlossaday": -275889.180239,
  "avgprofit_lossdaily": 21035.51208883333,
  "avgprofitonprofitdays": 109539.16551307692,
  "avglossonlossdays": -99117.97362562502,
  "maxdrawdown": 305959.231639,
  "maxdrawdownper": 0.0,
  "avgmonthlyprofitstr": "6.31L",
  "totalprofitstr": "6.31L",
  "maxprofitadaystr": "2.27L",
  "maxlossadaystr": "-2.76L",
  "avgprofit_lossdailystr": "21.04K",
  "avgprofitonprofitdaysstr": "1.1L",
  "avglossonlossdaysstr": "-99.12K",
  "maxdrawdownstr": "3.06L",
  "expectancyratio": 0.0
}