{
  "capital": 0.0,
  "totaltradingdays": 45,
  "windays": 33,
  "lossdays": 12,
  "maxwinningstreakdays": 9,
  "maxlosingstreakdays": 3,
  "maxdddays": 12,
  "maxdddaysstr": " to 16/01/2023",
  "rewardtorisk": 0.0,
  "winrate": 73.33333333333333,
  "lossrate": 26.666666666666668,
  "avgmonthlyprofit": 544279.2324483333,
  "totalprofit": 1632837.6973449998,
  "maxprofitaday": 212191.18,
  "maxlossaday": -83589.06,
  "avgprofit_lossdaily": 18986.485116279066,
  "avgprofitonprofitdays": 59302.22363636364,
  "avglossonlossdays": -27011.304999999993,
  "maxdrawdown": 154878.319165,
  "maxdrawdownper": 0.0,
  "avgmonthlyprofitstr": "5.44L",
  "totalprofitstr": "16.33L",
  "maxprofitadaystr": "2.12L",
  "maxlossadaystr": "-83.59K",
  "avgprofit_lossdailystr": "18.99K",
  "avgprofitonprofitdaysstr": "59.3K",
  "avglossonlossdaysstr": "-27.01K",
  "maxdrawdownstr": "1.55L",
  "expectancyratio": 0.0
}