{
  "capital": 0.0,
  "totaltradingdays": 44,
  "windays": 32,
  "lossdays": 12,
  "maxwinningstreakdays": 9,
  "maxlosingstreakdays": 3,
  "maxdddays": 12,
  "maxdddaysstr": " to 16/01/2023",
  "rewardtorisk": 0.0,
  "winrate": 72.72727272727273,
  "lossrate": 27.27272727272727,
  "avgmonthlyprofit": 542690.5592643332,
  "totalprofit": 1628071.6777929997,
  "maxprofitaday": 212191.179386,
  "maxlossaday": -83589.058936,
  "avgprofit_lossdaily": 19153.784444623525,
  "avgprofitonprofitdays": 61006.479303812484,
  "avglossonlossdays": -27011.304994083333,
  "maxdrawdown": 154878.319165,
  "maxdrawdownper": 0.0,
  "avgmonthlyprofitstr": "5.43L",
  "totalprofitstr": "16.28L",
  "maxprofitadaystr": "2.12L",
  "maxlossadaystr": "-83.59K",
  "avgprofit_lossdailystr": "19.15K",
  "avgprofitonprofitdaysstr": "61.01K",
  "avglossonlossdaysstr": "-27.01K",
  "maxdrawdownstr": "1.55L",
  "expectancyratio": 0.0
}