{
  "capital": 0.0,
  "totaltradingdays": 191,
  "windays": 132,
  "lossdays": 59,
  "maxwinningstreakdays": 14,
  "maxlosingstreakdays": 6,
  "maxdddays": 24,
  "maxdddaysstr": " to 30/06/2023",
  "rewardtorisk": 0.0,
  "winrate": 69.10994764397905,
  "lossrate": 30.89005235602094,
  "avgmonthlyprofit": 347035.51412725006,
  "totalprofit": 2776284.1130180005,
  "maxprofitaday": 383934.26,
  "maxlossaday": -220833.98,
  "avgprofit_lossdaily": 14535.518638743444,
  "avgprofitonprofitdays": 34660.71386363636,
  "avglossonlossdays": -30490.341864406782,
  "maxdrawdown": 246381.32311400003,
  "maxdrawdownper": 0.0,
  "avgmonthlyprofitstr": "3.47L",
  "totalprofitstr": "27.76L",
  "maxprofitadaystr": "3.84L",
  "maxlossadaystr": "-2.21L",
  "avgprofit_lossdailystr": "14.54K",
  "avgprofitonprofitdaysstr": "34.66K",
  "avglossonlossdaysstr": "-30.49K",
  "maxdrawdownstr": "2.46L",
  "expectancyratio": 0.0
}