{
  "capital": 0.0,
  "totaltradingdays": 151,
  "windays": 53,
  "lossdays": 98,
  "maxwinningstreakdays": 5,
  "maxlosingstreakdays": 9,
  "maxdddays": 350,
  "maxdddaysstr": " to 19/03/2024",
  "rewardtorisk": 0.0,
  "winrate": 35.099337748344375,
  "lossrate": 64.90066225165563,
  "avgmonthlyprofit": -3327.1264700666684,
  "totalprofit": -49906.89705100003,
  "maxprofitaday": 9185.9,
  "maxlossaday": -6339.14,
  "avgprofit_lossdaily": -142.59099999999992,
  "avgprofitonprofitdays": 2115.481698113207,
  "avglossonlossdays": -1653.3406122448978,
  "maxdrawdown": 55237.824162000026,
  "maxdrawdownper": 0.0,
  "avgmonthlyprofitstr": "-3.33K",
  "totalprofitstr": "-49.91K",
  "maxprofitadaystr": "9.19K",
  "maxlossadaystr": "-6.34K",
  "avgprofit_lossdailystr": "-142.59",
  "avgprofitonprofitdaysstr": "2.12K",
  "avglossonlossdaysstr": "-1.65K",
  "maxdrawdownstr": "55.24K",
  "expectancyratio": 0.0
}