{
  "capital": 0.0,
  "totaltradingdays": 24,
  "windays": 10,
  "lossdays": 14,
  "maxwinningstreakdays": 3,
  "maxlosingstreakdays": 3,
  "maxdddays": 19,
  "maxdddaysstr": " to 25/04/2024",
  "rewardtorisk": 0.0,
  "winrate": 41.66666666666667,
  "lossrate": 58.333333333333336,
  "avgmonthlyprofit": 127541.07291599998,
  "totalprofit": 127541.07291599998,
  "maxprofitaday": 240814.32,
  "maxlossaday": -114512.82,
  "avgprofit_lossdaily": 5314.211666666663,
  "avgprofitonprofitdays": 87923.53900000002,
  "avglossonlossdays": -53692.45071428571,
  "maxdrawdown": 329122.19998200005,
  "maxdrawdownper": 0.0,
  "avgmonthlyprofitstr": "1.28L",
  "totalprofitstr": "1.28L",
  "maxprofitadaystr": "2.41L",
  "maxlossadaystr": "-1.15L",
  "avgprofit_lossdailystr": "5.31K",
  "avgprofitonprofitdaysstr": "87.92K",
  "avglossonlossdaysstr": "-53.69K",
  "maxdrawdownstr": "3.29L",
  "expectancyratio": 0.0
}