{
  "capital": 0.0,
  "totaltradingdays": 235,
  "windays": 135,
  "lossdays": 100,
  "maxwinningstreakdays": 9,
  "maxlosingstreakdays": 6,
  "maxdddays": 235,
  "maxdddaysstr": " to 28/03/2024",
  "rewardtorisk": 0.0,
  "winrate": 57.446808510638306,
  "lossrate": 42.5531914893617,
  "avgmonthlyprofit": -175962.69824739982,
  "totalprofit": -1759626.982473998,
  "maxprofitaday": 343219.46,
  "maxlossaday": -1277211.73,
  "avgprofit_lossdaily": -7487.77468085107,
  "avgprofitonprofitdays": 59185.34422222224,
  "avglossonlossdays": -97496.48520000001,
  "maxdrawdown": 3398792.954142999,
  "maxdrawdownper": 0.0,
  "avgmonthlyprofitstr": "-1.76L",
  "totalprofitstr": "-17.6L",
  "maxprofitadaystr": "3.43L",
  "maxlossadaystr": "-12.77L",
  "avgprofit_lossdailystr": "-7.49K",
  "avgprofitonprofitdaysstr": "59.19K",
  "avglossonlossdaysstr": "-97.5K",
  "maxdrawdownstr": "33.99L",
  "expectancyratio": 0.0
}