{
  "capital": 0.0,
  "totaltradingdays": 237,
  "windays": 135,
  "lossdays": 102,
  "maxwinningstreakdays": 9,
  "maxlosingstreakdays": 6,
  "maxdddays": 359,
  "maxdddaysstr": " to 28/03/2024",
  "rewardtorisk": 0.0,
  "winrate": 56.9620253164557,
  "lossrate": 43.037974683544306,
  "avgmonthlyprofit": -110735.14338493734,
  "totalprofit": -1771762.2941589975,
  "maxprofitaday": 343211.42,
  "maxlossaday": -1277346.33,
  "avgprofit_lossdaily": -4935.271225626744,
  "avgprofitonprofitdays": 59124.79192592593,
  "avglossonlossdays": -95623.62039215688,
  "maxdrawdown": 3408606.800872998,
  "maxdrawdownper": 0.0,
  "avgmonthlyprofitstr": "-1.11L",
  "totalprofitstr": "-17.72L",
  "maxprofitadaystr": "3.43L",
  "maxlossadaystr": "-12.77L",
  "avgprofit_lossdailystr": "-4.94K",
  "avgprofitonprofitdaysstr": "59.12K",
  "avglossonlossdaysstr": "-95.62K",
  "maxdrawdownstr": "34.09L",
  "expectancyratio": 0.0
}