{
  "capital": 0.0,
  "totaltradingdays": 52,
  "windays": 31,
  "lossdays": 21,
  "maxwinningstreakdays": 8,
  "maxlosingstreakdays": 3,
  "maxdddays": 123,
  "maxdddaysstr": " to 31/03/2024",
  "rewardtorisk": 0.0,
  "winrate": 59.61538461538461,
  "lossrate": 40.38461538461539,
  "avgmonthlyprofit": -11596.705262399995,
  "totalprofit": -57983.52631199997,
  "maxprofitaday": 17564.87,
  "maxlossaday": -51047.61,
  "avgprofit_lossdaily": -471.41065040650466,
  "avgprofitonprofitdays": 5518.701612903225,
  "avglossonlossdays": -10907.774285714288,
  "maxdrawdown": 115367.614811,
  "maxdrawdownper": 0.0,
  "avgmonthlyprofitstr": "-11.6K",
  "totalprofitstr": "-57.98K",
  "maxprofitadaystr": "17.56K",
  "maxlossadaystr": "-51.05K",
  "avgprofit_lossdailystr": "-471.41",
  "avgprofitonprofitdaysstr": "5.52K",
  "avglossonlossdaysstr": "-10.91K",
  "maxdrawdownstr": "1.15L",
  "expectancyratio": 0.0
}