{
  "capital": 0.0,
  "totaltradingdays": 45,
  "windays": 35,
  "lossdays": 10,
  "maxwinningstreakdays": 11,
  "maxlosingstreakdays": 3,
  "maxdddays": 44,
  "maxdddaysstr": " to 06/03/2024",
  "rewardtorisk": 0.0,
  "winrate": 77.77777777777779,
  "lossrate": 22.22222222222222,
  "avgmonthlyprofit": 1402690.9110079997,
  "totalprofit": 4208072.733023999,
  "maxprofitaday": 2996089.21,
  "maxlossaday": -3435633.74,
  "avgprofit_lossdaily": 63758.677727272705,
  "avgprofitonprofitdays": 563215.2251428571,
  "avglossonlossdays": -1550446.0150000001,
  "maxdrawdown": 8525257.960214,
  "maxdrawdownper": 0.0,
  "avgmonthlyprofitstr": "14.03L",
  "totalprofitstr": "42.08L",
  "maxprofitadaystr": "29.96L",
  "maxlossadaystr": "-34.36L",
  "avgprofit_lossdailystr": "63.76K",
  "avgprofitonprofitdaysstr": "5.63L",
  "avglossonlossdaysstr": "-15.5L",
  "maxdrawdownstr": "85.25L",
  "expectancyratio": 0.0
}