{
  "capital": 0.0,
  "totaltradingdays": 177,
  "windays": 111,
  "lossdays": 66,
  "maxwinningstreakdays": 11,
  "maxlosingstreakdays": 5,
  "maxdddays": 49,
  "maxdddaysstr": " to 17/08/2023",
  "rewardtorisk": 0.0,
  "winrate": 62.71186440677966,
  "lossrate": 37.28813559322034,
  "avgmonthlyprofit": 3627.028156500002,
  "totalprofit": 29016.225252000015,
  "maxprofitaday": 19707.28,
  "maxlossaday": -84632.25,
  "avgprofit_lossdaily": 163.933559322034,
  "avgprofitonprofitdays": 2725.382882882884,
  "avglossonlossdays": -4143.958484848484,
  "maxdrawdown": 103448.86199499998,
  "maxdrawdownper": 0.0,
  "avgmonthlyprofitstr": "3.63K",
  "totalprofitstr": "29.02K",
  "maxprofitadaystr": "19.71K",
  "maxlossadaystr": "-84.63K",
  "avgprofit_lossdailystr": "163.93",
  "avgprofitonprofitdaysstr": "2.73K",
  "avglossonlossdaysstr": "-4.14K",
  "maxdrawdownstr": "1.03L",
  "expectancyratio": 0.0
}