{
  "capital": 0.0,
  "totaltradingdays": 43,
  "windays": 21,
  "lossdays": 22,
  "maxwinningstreakdays": 4,
  "maxlosingstreakdays": 5,
  "maxdddays": 41,
  "maxdddaysstr": " to 03/03/2024",
  "rewardtorisk": 0.0,
  "winrate": 48.837209302325576,
  "lossrate": 51.162790697674424,
  "avgmonthlyprofit": -7284.879326666663,
  "totalprofit": -21854.63797999999,
  "maxprofitaday": 27563.03,
  "maxlossaday": -51592.83,
  "avgprofit_lossdaily": -331.1306060606057,
  "avgprofitonprofitdays": 14546.627142857145,
  "avglossonlossdays": -14878.808636363636,
  "maxdrawdown": 77727.229827,
  "maxdrawdownper": 0.0,
  "avgmonthlyprofitstr": "-7.28K",
  "totalprofitstr": "-21.85K",
  "maxprofitadaystr": "27.56K",
  "maxlossadaystr": "-51.59K",
  "avgprofit_lossdailystr": "-331.13",
  "avgprofitonprofitdaysstr": "14.55K",
  "avglossonlossdaysstr": "-14.88K",
  "maxdrawdownstr": "77.73K",
  "expectancyratio": 0.0
}