{
  "capital": 0.0,
  "totaltradingdays": 38,
  "windays": 32,
  "lossdays": 6,
  "maxwinningstreakdays": 11,
  "maxlosingstreakdays": 1,
  "maxdddays": 10,
  "maxdddaysstr": " to 14/02/2024",
  "rewardtorisk": 0.0,
  "winrate": 84.21052631578947,
  "lossrate": 15.789473684210526,
  "avgmonthlyprofit": 4648848.477996999,
  "totalprofit": 9297696.955993999,
  "maxprofitaday": 2996089.21,
  "maxlossaday": -3435633.74,
  "avgprofit_lossdaily": 175428.24452830185,
  "avgprofitonprofitdays": 531708.8553124999,
  "avglossonlossdays": -1286164.4016666668,
  "maxdrawdown": 3435633.737244,
  "maxdrawdownper": 0.0,
  "avgmonthlyprofitstr": "46.49L",
  "totalprofitstr": "92.98L",
  "maxprofitadaystr": "29.96L",
  "maxlossadaystr": "-34.36L",
  "avgprofit_lossdailystr": "1.75L",
  "avgprofitonprofitdaysstr": "5.32L",
  "avglossonlossdaysstr": "-12.86L",
  "maxdrawdownstr": "34.36L",
  "expectancyratio": 0.0
}