{
  "capital": 0.0,
  "totaltradingdays": 154,
  "windays": 68,
  "lossdays": 86,
  "maxwinningstreakdays": 6,
  "maxlosingstreakdays": 5,
  "maxdddays": 204,
  "maxdddaysstr": " to 17/10/2023",
  "rewardtorisk": 0.0,
  "winrate": 44.15584415584416,
  "lossrate": 55.84415584415584,
  "avgmonthlyprofit": 2873.0602467333347,
  "totalprofit": 43095.90370100002,
  "maxprofitaday": 11009.15,
  "maxlossaday": -39033.76,
  "avgprofit_lossdaily": 124.91553623188432,
  "avgprofitonprofitdays": 4959.087941176472,
  "avglossonlossdays": -3420.02465116279,
  "maxdrawdown": 83348.59619199998,
  "maxdrawdownper": 0.0,
  "avgmonthlyprofitstr": "2.87K",
  "totalprofitstr": "43.1K",
  "maxprofitadaystr": "11.01K",
  "maxlossadaystr": "-39.03K",
  "avgprofit_lossdailystr": "124.92",
  "avgprofitonprofitdaysstr": "4.96K",
  "avglossonlossdaysstr": "-3.42K",
  "maxdrawdownstr": "83.35K",
  "expectancyratio": 0.0
}