{
  "capital": 0.0,
  "totaltradingdays": 105,
  "windays": 68,
  "lossdays": 37,
  "maxwinningstreakdays": 25,
  "maxlosingstreakdays": 4,
  "winrate": 64.76190476190476,
  "avgmonthlyprofit": 0.0,
  "totalprofit": 252368.25,
  "avgmonthlyroi": 0.0,
  "totalroi": 0.0,
  "maxprofitaday": 40065.0,
  "maxlossaday": -184423.75,
  "avgprofit_lossdaily": 2403.5071428571428,
  "avgprofitonprofitdays": 12699.819852941177,
  "avglossonlossdays": 12699.819852941177,
  "maxdrawdown": 241997.5,
  "maxdrawdownper": 0.0
}