{
  "capital": 0.0,
  "totaltradingdays": 21,
  "windays": 14,
  "lossdays": 7,
  "maxwinningstreakdays": 5,
  "maxlosingstreakdays": 2,
  "maxdddays": 30,
  "maxdddaysstr": " to 28/03/2024",
  "rewardtorisk": 0.0,
  "winrate": 66.66666666666666,
  "lossrate": 33.33333333333333,
  "avgmonthlyprofit": -2541058.2408660008,
  "totalprofit": -2541058.2408660008,
  "maxprofitaday": 545870.35,
  "maxlossaday": -1207226.93,
  "avgprofit_lossdaily": -84701.9416666667,
  "avgprofitonprofitdays": 170366.2914285714,
  "avglossonlossdays": -703740.9042857143,
  "maxdrawdown": 3294344.6255700006,
  "maxdrawdownper": 0.0,
  "avgmonthlyprofitstr": "-25.41L",
  "totalprofitstr": "-25.41L",
  "maxprofitadaystr": "5.46L",
  "maxlossadaystr": "-12.07L",
  "avgprofit_lossdailystr": "-84.7K",
  "avgprofitonprofitdaysstr": "1.7L",
  "avglossonlossdaysstr": "-7.04L",
  "maxdrawdownstr": "32.94L",
  "expectancyratio": 0.0
}