{
  "capital": 0.0,
  "totaltradingdays": 43,
  "windays": 24,
  "lossdays": 19,
  "maxwinningstreakdays": 4,
  "maxlosingstreakdays": 3,
  "maxdddays": 60,
  "maxdddaysstr": " to 01/03/2024",
  "rewardtorisk": 0.0,
  "winrate": 55.81395348837209,
  "lossrate": 44.18604651162791,
  "avgmonthlyprofit": -1623978.4874764993,
  "totalprofit": -3247956.9749529986,
  "maxprofitaday": 260148.543205,
  "maxlossaday": -877676.846449,
  "avgprofit_lossdaily": -54132.61624921664,
  "avgprofitonprofitdays": 93263.94324258335,
  "avglossonlossdays": -288752.1901460526,
  "maxdrawdown": 3453940.1280459994,
  "maxdrawdownper": 0.0,
  "avgmonthlyprofitstr": "-16.24L",
  "totalprofitstr": "-32.48L",
  "maxprofitadaystr": "2.6L",
  "maxlossadaystr": "-8.78L",
  "avgprofit_lossdailystr": "-54.13K",
  "avgprofitonprofitdaysstr": "93.26K",
  "avglossonlossdaysstr": "-2.89L",
  "maxdrawdownstr": "34.54L",
  "expectancyratio": 0.0
}