{
  "capital": 0.0,
  "totaltradingdays": 122,
  "windays": 87,
  "lossdays": 35,
  "maxwinningstreakdays": 15,
  "maxlosingstreakdays": 3,
  "maxdddays": 58,
  "maxdddaysstr": " to 30-11-2023",
  "rewardtorisk": 0.0,
  "winrate": 71.31147540983606,
  "lossrate": 28.688524590163933,
  "avgmonthlyprofit": 1447072.095183999,
  "totalprofit": 11576576.761471992,
  "maxprofitaday": 2070972.6,
  "maxlossaday": -1552692.15,
  "avgprofit_lossdaily": 65404.38830508475,
  "avgprofitonprofitdays": 278924.0009195402,
  "avglossonlossdays": -362566.0385714285,
  "maxdrawdown": 3311772.356052,
  "maxdrawdownper": 0.0,
  "avgmonthlyprofitstr": "14.47L",
  "totalprofitstr": "1.16Cr",
  "maxprofitadaystr": "20.71L",
  "maxlossadaystr": "-15.53L",
  "avgprofit_lossdailystr": "65.4K",
  "avgprofitonprofitdaysstr": "2.79L",
  "avglossonlossdaysstr": "-3.63L",
  "maxdrawdownstr": "33.12L",
  "expectancyratio": 0.0
}