{
  "capital": 0.0,
  "totaltradingdays": 62,
  "windays": 49,
  "lossdays": 13,
  "maxwinningstreakdays": 11,
  "maxlosingstreakdays": 2,
  "maxdddays": 39,
  "maxdddaysstr": " to 07/01/2024",
  "rewardtorisk": 0.0,
  "winrate": 79.03225806451613,
  "lossrate": 20.967741935483872,
  "avgmonthlyprofit": 148869.62739824998,
  "totalprofit": 595478.5095929999,
  "maxprofitaday": 288546.222136,
  "maxlossaday": -783734.086437,
  "avgprofit_lossdaily": 6616.427884366666,
  "avgprofitonprofitdays": 66508.3250222449,
  "avglossonlossdays": -204879.1858843847,
  "maxdrawdown": 783734.086437,
  "maxdrawdownper": 0.0,
  "avgmonthlyprofitstr": "1.49L",
  "totalprofitstr": "5.95L",
  "maxprofitadaystr": "2.89L",
  "maxlossadaystr": "-7.84L",
  "avgprofit_lossdailystr": "6.62K",
  "avgprofitonprofitdaysstr": "66.51K",
  "avglossonlossdaysstr": "-2.05L",
  "maxdrawdownstr": "7.84L",
  "expectancyratio": 0.0
}