{
  "capital": 0.0,
  "totaltradingdays": 232,
  "windays": 173,
  "lossdays": 59,
  "maxwinningstreakdays": 15,
  "maxlosingstreakdays": 3,
  "maxdddays": 72,
  "maxdddaysstr": " to 20/07/2023",
  "rewardtorisk": 0.0,
  "winrate": 74.56896551724138,
  "lossrate": 25.43103448275862,
  "avgmonthlyprofit": 56831.53571539999,
  "totalprofit": 568315.3571539999,
  "maxprofitaday": 81033.73,
  "maxlossaday": -236367.63,
  "avgprofit_lossdaily": 2449.634870689655,
  "avgprofitonprofitdays": 12309.023988439309,
  "avglossonlossdays": -26460.0993220339,
  "maxdrawdown": 321591.7892240001,
  "maxdrawdownper": 0.0,
  "avgmonthlyprofitstr": "56.83K",
  "totalprofitstr": "5.68L",
  "maxprofitadaystr": "81.03K",
  "maxlossadaystr": "-2.36L",
  "avgprofit_lossdailystr": "2.45K",
  "avgprofitonprofitdaysstr": "12.31K",
  "avglossonlossdaysstr": "-26.46K",
  "maxdrawdownstr": "3.22L",
  "expectancyratio": 0.0
}