{
  "capital": 0.0,
  "totaltradingdays": 235,
  "windays": 173,
  "lossdays": 62,
  "maxwinningstreakdays": 15,
  "maxlosingstreakdays": 3,
  "maxdddays": 120,
  "maxdddaysstr": " to 20/07/2023",
  "rewardtorisk": 0.0,
  "winrate": 73.61702127659574,
  "lossrate": 26.382978723404253,
  "avgmonthlyprofit": 35511.50138418749,
  "totalprofit": 568184.0221469998,
  "maxprofitaday": 81033.73,
  "maxlossaday": -236367.63,
  "avgprofit_lossdaily": 1582.6851253481893,
  "avgprofitonprofitdays": 12309.023988439309,
  "avglossonlossdays": -25181.89016129032,
  "maxdrawdown": 321591.7892240001,
  "maxdrawdownper": 0.0,
  "avgmonthlyprofitstr": "35.51K",
  "totalprofitstr": "5.68L",
  "maxprofitadaystr": "81.03K",
  "maxlossadaystr": "-2.36L",
  "avgprofit_lossdailystr": "1.58K",
  "avgprofitonprofitdaysstr": "12.31K",
  "avglossonlossdaysstr": "-25.18K",
  "maxdrawdownstr": "3.22L",
  "expectancyratio": 0.0
}