{
  "capital": 0.0,
  "totaltradingdays": 115,
  "windays": 68,
  "lossdays": 47,
  "maxwinningstreakdays": 14,
  "maxlosingstreakdays": 12,
  "maxdddays": 61,
  "maxdddaysstr": " to 21/11/2023",
  "rewardtorisk": 0.0,
  "winrate": 59.130434782608695,
  "lossrate": 40.869565217391305,
  "avgmonthlyprofit": 567639.4662211249,
  "totalprofit": 4541115.729768999,
  "maxprofitaday": 554815.46,
  "maxlossaday": -166694.4,
  "avgprofit_lossdaily": 25228.420833333334,
  "avgprofitonprofitdays": 89614.2382352941,
  "avglossonlossdays": -33035.15851063829,
  "maxdrawdown": 591153.3017640002,
  "maxdrawdownper": 0.0,
  "avgmonthlyprofitstr": "5.68L",
  "totalprofitstr": "45.41L",
  "maxprofitadaystr": "5.55L",
  "maxlossadaystr": "-1.67L",
  "avgprofit_lossdailystr": "25.23K",
  "avgprofitonprofitdaysstr": "89.61K",
  "avglossonlossdaysstr": "-33.04K",
  "maxdrawdownstr": "5.91L",
  "expectancyratio": 0.0
}