{
  "capital": 0.0,
  "totaltradingdays": 7,
  "windays": 2,
  "lossdays": 5,
  "maxwinningstreakdays": 2,
  "maxlosingstreakdays": 4,
  "maxdddays": 15,
  "maxdddaysstr": " to 15/02/2024",
  "rewardtorisk": 0.0,
  "winrate": 28.57142857142857,
  "lossrate": 71.42857142857143,
  "avgmonthlyprofit": 5607.088852000002,
  "totalprofit": 5607.088852000002,
  "maxprofitaday": 20572.173054000003,
  "maxlossaday": -11918.18536,
  "avgprofit_lossdaily": 215.6572635384616,
  "avgprofitonprofitdays": 11136.833829000001,
  "avglossonlossdays": -3333.3157612000005,
  "maxdrawdown": 15939.722141,
  "maxdrawdownper": 0.0,
  "avgmonthlyprofitstr": "5.61K",
  "totalprofitstr": "5.61K",
  "maxprofitadaystr": "20.57K",
  "maxlossadaystr": "-11.92K",
  "avgprofit_lossdailystr": "215.66",
  "avgprofitonprofitdaysstr": "11.14K",
  "avglossonlossdaysstr": "-3.33K",
  "maxdrawdownstr": "15.94K",
  "expectancyratio": 0.0
}