{
  "capital": 0.0,
  "totaltradingdays": 243,
  "windays": 154,
  "lossdays": 89,
  "maxwinningstreakdays": 9,
  "maxlosingstreakdays": 4,
  "maxdddays": 108,
  "maxdddaysstr": " to 29/06/2023",
  "rewardtorisk": 0.0,
  "winrate": 63.37448559670782,
  "lossrate": 36.62551440329218,
  "avgmonthlyprofit": 917874.471491563,
  "totalprofit": 14685991.543865008,
  "maxprofitaday": 1120236.39,
  "maxlossaday": -386112.74,
  "avgprofit_lossdaily": 41022.322737430186,
  "avgprofitonprofitdays": 160829.7442207792,
  "avglossonlossdays": -113278.52887640445,
  "maxdrawdown": 658451.1426019998,
  "maxdrawdownper": 0.0,
  "avgmonthlyprofitstr": "9.18L",
  "totalprofitstr": "1.47Cr",
  "maxprofitadaystr": "11.2L",
  "maxlossadaystr": "-3.86L",
  "avgprofit_lossdailystr": "41.02K",
  "avgprofitonprofitdaysstr": "1.61L",
  "avglossonlossdaysstr": "-1.13L",
  "maxdrawdownstr": "6.58L",
  "expectancyratio": 0.0
}