{
  "capital": 0.0,
  "totaltradingdays": 242,
  "windays": 155,
  "lossdays": 87,
  "maxwinningstreakdays": 9,
  "maxlosingstreakdays": 4,
  "maxdddays": 62,
  "maxdddaysstr": " to 17/05/2023",
  "rewardtorisk": 0.0,
  "winrate": 64.0495867768595,
  "lossrate": 35.9504132231405,
  "avgmonthlyprofit": 968596.8649435004,
  "totalprofit": 15497549.839096006,
  "maxprofitaday": 1120236.39,
  "maxlossaday": -386112.74,
  "avgprofit_lossdaily": 43410.50372549021,
  "avgprofitonprofitdays": 162651.94941935482,
  "avglossonlossdays": -111649.45206896546,
  "maxdrawdown": 615956.5525819976,
  "maxdrawdownper": 0.0,
  "avgmonthlyprofitstr": "9.69L",
  "totalprofitstr": "1.55Cr",
  "maxprofitadaystr": "11.2L",
  "maxlossadaystr": "-3.86L",
  "avgprofit_lossdailystr": "43.41K",
  "avgprofitonprofitdaysstr": "1.63L",
  "avglossonlossdaysstr": "-1.12L",
  "maxdrawdownstr": "6.16L",
  "expectancyratio": 0.0
}