{
  "capital": 0.0,
  "totaltradingdays": 61,
  "windays": 35,
  "lossdays": 26,
  "maxwinningstreakdays": 7,
  "maxlosingstreakdays": 4,
  "maxdddays": 7,
  "maxdddaysstr": " to 13/12/2023",
  "rewardtorisk": 0.0,
  "winrate": 57.377049180327866,
  "lossrate": 42.62295081967213,
  "avgmonthlyprofit": 976411.7064882497,
  "totalprofit": 3905646.825952999,
  "maxprofitaday": 578363.76,
  "maxlossaday": -111285.83,
  "avgprofit_lossdaily": 43883.672359550554,
  "avgprofitonprofitdays": 134242.11628571423,
  "avglossonlossdays": -30493.355000000003,
  "maxdrawdown": 157310.4099539998,
  "maxdrawdownper": 0.0,
  "avgmonthlyprofitstr": "9.76L",
  "totalprofitstr": "39.06L",
  "maxprofitadaystr": "5.78L",
  "maxlossadaystr": "-1.11L",
  "avgprofit_lossdailystr": "43.88K",
  "avgprofitonprofitdaysstr": "1.34L",
  "avglossonlossdaysstr": "-30.49K",
  "maxdrawdownstr": "1.57L",
  "expectancyratio": 0.0
}