{
  "capital": 0.0,
  "totaltradingdays": 263,
  "windays": 108,
  "lossdays": 155,
  "maxwinningstreakdays": 6,
  "maxlosingstreakdays": 6,
  "maxdddays": 76,
  "maxdddaysstr": " to 27/07/2023",
  "rewardtorisk": 0.0,
  "winrate": 41.06463878326996,
  "lossrate": 58.935361216730044,
  "avgmonthlyprofit": 227769.62159836365,
  "totalprofit": 2505465.837582,
  "maxprofitaday": 519984.02,
  "maxlossaday": -178884.02,
  "avgprofit_lossdaily": 9526.485741444865,
  "avgprofitonprofitdays": 81341.30212962962,
  "avglossonlossdays": -40512.22503225806,
  "maxdrawdown": 1020887.9831649996,
  "maxdrawdownper": 0.0,
  "avgmonthlyprofitstr": "2.28L",
  "totalprofitstr": "25.05L",
  "maxprofitadaystr": "5.2L",
  "maxlossadaystr": "-1.79L",
  "avgprofit_lossdailystr": "9.53K",
  "avgprofitonprofitdaysstr": "81.34K",
  "avglossonlossdaysstr": "-40.51K",
  "maxdrawdownstr": "10.21L",
  "expectancyratio": 0.0
}