{
  "capital": 0.0,
  "totaltradingdays": 265,
  "windays": 108,
  "lossdays": 157,
  "maxwinningstreakdays": 6,
  "maxlosingstreakdays": 6,
  "maxdddays": 109,
  "maxdddaysstr": " to 27/07/2023",
  "rewardtorisk": 0.0,
  "winrate": 40.75471698113208,
  "lossrate": 59.24528301886792,
  "avgmonthlyprofit": 146953.50952635304,
  "totalprofit": 2498209.6619480015,
  "maxprofitaday": 519984.02,
  "maxlossaday": -178884.02,
  "avgprofit_lossdaily": 6405.6655897435885,
  "avgprofitonprofitdays": 81317.76555555555,
  "avglossonlossdays": -40026.17261146496,
  "maxdrawdown": 1023359.5083529984,
  "maxdrawdownper": 0.0,
  "avgmonthlyprofitstr": "1.47L",
  "totalprofitstr": "24.98L",
  "maxprofitadaystr": "5.2L",
  "maxlossadaystr": "-1.79L",
  "avgprofit_lossdailystr": "6.41K",
  "avgprofitonprofitdaysstr": "81.32K",
  "avglossonlossdaysstr": "-40.03K",
  "maxdrawdownstr": "10.23L",
  "expectancyratio": 0.0
}