{
  "capital": 0.0,
  "totaltradingdays": 85,
  "windays": 53,
  "lossdays": 32,
  "maxwinningstreakdays": 6,
  "maxlosingstreakdays": 3,
  "maxdddays": 175,
  "maxdddaysstr": " to 01/01/2024",
  "rewardtorisk": 0.0,
  "winrate": 62.35294117647059,
  "lossrate": 37.64705882352941,
  "avgmonthlyprofit": 94981.23779230771,
  "totalprofit": 1234756.0913000002,
  "maxprofitaday": 161181.98,
  "maxlossaday": -209215.78,
  "avgprofit_lossdaily": 4143.476879194631,
  "avgprofitonprofitdays": 50396.2179245283,
  "avglossonlossdays": -44882.607500000006,
  "maxdrawdown": 226601.66250400012,
  "maxdrawdownper": 0.0,
  "avgmonthlyprofitstr": "94.98K",
  "totalprofitstr": "12.35L",
  "maxprofitadaystr": "1.61L",
  "maxlossadaystr": "-2.09L",
  "avgprofit_lossdailystr": "4.14K",
  "avgprofitonprofitdaysstr": "50.4K",
  "avglossonlossdaysstr": "-44.88K",
  "maxdrawdownstr": "2.27L",
  "expectancyratio": 0.0
}