{
  "capital": 0.0,
  "totaltradingdays": 84,
  "windays": 58,
  "lossdays": 26,
  "maxwinningstreakdays": 16,
  "maxlosingstreakdays": 3,
  "winrate": 69.04761904761905,
  "avgmonthlyprofit": 0.0,
  "totalprofit": 407554.25,
  "avgmonthlyroi": 0.0,
  "totalroi": 0.0,
  "maxprofitaday": 39733.75,
  "maxlossaday": -68142.5,
  "avgprofit_lossdaily": 4851.836309523809,
  "avgprofitonprofitdays": 12481.659482758621,
  "avglossonlossdays": 12481.659482758621,
  "maxdrawdown": 73792.5,
  "maxdrawdownper": 0.0
}