{
  "capital": 0.0,
  "totaltradingdays": 22,
  "windays": 17,
  "lossdays": 5,
  "maxwinningstreakdays": 7,
  "maxlosingstreakdays": 1,
  "maxdddays": 11,
  "maxdddaysstr": " to 11/04/2024",
  "rewardtorisk": 0.0,
  "winrate": 77.27272727272727,
  "lossrate": 22.727272727272727,
  "avgmonthlyprofit": 253360.43565399997,
  "totalprofit": 253360.43565399997,
  "maxprofitaday": 62445.7,
  "maxlossaday": -93927.26,
  "avgprofit_lossdaily": 7677.589090909091,
  "avgprofitonprofitdays": 23567.454117647056,
  "avglossonlossdays": -29457.255999999994,
  "maxdrawdown": 99917.45370100002,
  "maxdrawdownper": 0.0,
  "avgmonthlyprofitstr": "2.53L",
  "totalprofitstr": "2.53L",
  "maxprofitadaystr": "62.45K",
  "maxlossadaystr": "-93.93K",
  "avgprofit_lossdailystr": "7.68K",
  "avgprofitonprofitdaysstr": "23.57K",
  "avglossonlossdaysstr": "-29.46K",
  "maxdrawdownstr": "99.92K",
  "expectancyratio": 0.0
}