{
  "capital": 0.0,
  "totaltradingdays": 22,
  "windays": 13,
  "lossdays": 9,
  "maxwinningstreakdays": 7,
  "maxlosingstreakdays": 3,
  "maxdddays": 6,
  "maxdddaysstr": " to 06/02/2024",
  "rewardtorisk": 0.0,
  "winrate": 59.09090909090909,
  "lossrate": 40.909090909090914,
  "avgmonthlyprofit": 1400011.027711,
  "totalprofit": 1400011.027711,
  "maxprofitaday": 326644.632061,
  "maxlossaday": -64257.166169,
  "avgprofit_lossdaily": 46667.03425703334,
  "avgprofitonprofitdays": 130867.45197107695,
  "avglossonlossdays": -33473.98310144444,
  "maxdrawdown": 81708.17876400001,
  "maxdrawdownper": 0.0,
  "avgmonthlyprofitstr": "14L",
  "totalprofitstr": "14L",
  "maxprofitadaystr": "3.27L",
  "maxlossadaystr": "-64.26K",
  "avgprofit_lossdailystr": "46.67K",
  "avgprofitonprofitdaysstr": "1.31L",
  "avglossonlossdaysstr": "-33.47K",
  "maxdrawdownstr": "81.71K",
  "expectancyratio": 0.0
}