{
  "capital": 0.0,
  "totaltradingdays": 214,
  "windays": 132,
  "lossdays": 82,
  "maxwinningstreakdays": 11,
  "maxlosingstreakdays": 5,
  "maxdddays": 79,
  "maxdddaysstr": " to 07/08/2023",
  "rewardtorisk": 0.0,
  "winrate": 61.6822429906542,
  "lossrate": 38.31775700934579,
  "avgmonthlyprofit": 93037.65198577777,
  "totalprofit": 837338.867872,
  "maxprofitaday": 128181.55,
  "maxlossaday": -130402.55,
  "avgprofit_lossdaily": 3912.798224299065,
  "avgprofitonprofitdays": 14656.983863636366,
  "avglossonlossdays": -13382.720121951217,
  "maxdrawdown": 218400.22547600008,
  "maxdrawdownper": 0.0,
  "avgmonthlyprofitstr": "93.04K",
  "totalprofitstr": "8.37L",
  "maxprofitadaystr": "1.28L",
  "maxlossadaystr": "-1.3L",
  "avgprofit_lossdailystr": "3.91K",
  "avgprofitonprofitdaysstr": "14.66K",
  "avglossonlossdaysstr": "-13.38K",
  "maxdrawdownstr": "2.18L",
  "expectancyratio": 0.0
}