{
  "capital": 0.0,
  "totaltradingdays": 217,
  "windays": 132,
  "lossdays": 85,
  "maxwinningstreakdays": 11,
  "maxlosingstreakdays": 5,
  "maxdddays": 148,
  "maxdddaysstr": " to 07/08/2023",
  "rewardtorisk": 0.0,
  "winrate": 60.82949308755761,
  "lossrate": 39.1705069124424,
  "avgmonthlyprofit": 52224.41022849998,
  "totalprofit": 835590.5636559997,
  "maxprofitaday": 128181.55,
  "maxlossaday": -130402.55,
  "avgprofit_lossdaily": 2321.084972222223,
  "avgprofitonprofitdays": 14647.24393939394,
  "avglossonlossdays": -12915.830705882352,
  "maxdrawdown": 218417.72911500008,
  "maxdrawdownper": 0.0,
  "avgmonthlyprofitstr": "52.22K",
  "totalprofitstr": "8.36L",
  "maxprofitadaystr": "1.28L",
  "maxlossadaystr": "-1.3L",
  "avgprofit_lossdailystr": "2.32K",
  "avgprofitonprofitdaysstr": "14.65K",
  "avglossonlossdaysstr": "-12.92K",
  "maxdrawdownstr": "2.18L",
  "expectancyratio": 0.0
}