{
  "capital": 0.0,
  "totaltradingdays": 22,
  "windays": 9,
  "lossdays": 13,
  "maxwinningstreakdays": 3,
  "maxlosingstreakdays": 7,
  "maxdddays": 9,
  "maxdddaysstr": " to 27/02/2024",
  "rewardtorisk": 0.0,
  "winrate": 40.909090909090914,
  "lossrate": 59.09090909090909,
  "avgmonthlyprofit": 472532.81019999995,
  "totalprofit": 472532.81019999995,
  "maxprofitaday": 128230.79,
  "maxlossaday": -13035.06,
  "avgprofit_lossdaily": 15751.093666666662,
  "avgprofitonprofitdays": 55145.854444444434,
  "avglossonlossdays": -1829.2215384615383,
  "maxdrawdown": 13810.397699000023,
  "maxdrawdownper": 0.0,
  "avgmonthlyprofitstr": "4.73L",
  "totalprofitstr": "4.73L",
  "maxprofitadaystr": "1.28L",
  "maxlossadaystr": "-13.04K",
  "avgprofit_lossdailystr": "15.75K",
  "avgprofitonprofitdaysstr": "55.15K",
  "avglossonlossdaysstr": "-1.83K",
  "maxdrawdownstr": "13.81K",
  "expectancyratio": 0.0
}