{
  "capital": 0.0,
  "totaltradingdays": 21,
  "windays": 10,
  "lossdays": 11,
  "maxwinningstreakdays": 3,
  "maxlosingstreakdays": 5,
  "maxdddays": 7,
  "maxdddaysstr": " to 27/02/2024",
  "rewardtorisk": 0.0,
  "winrate": 47.61904761904761,
  "lossrate": 52.38095238095239,
  "avgmonthlyprofit": 517881.7709920001,
  "totalprofit": 517881.7709920001,
  "maxprofitaday": 128230.79,
  "maxlossaday": -13035.06,
  "avgprofit_lossdaily": 17857.992068965516,
  "avgprofitonprofitdays": 53941.07099999998,
  "avglossonlossdays": -1957.1763636363635,
  "maxdrawdown": 13810.397699000023,
  "maxdrawdownper": 0.0,
  "avgmonthlyprofitstr": "5.18L",
  "totalprofitstr": "5.18L",
  "maxprofitadaystr": "1.28L",
  "maxlossadaystr": "-13.04K",
  "avgprofit_lossdailystr": "17.86K",
  "avgprofitonprofitdaysstr": "53.94K",
  "avglossonlossdaysstr": "-1.96K",
  "maxdrawdownstr": "13.81K",
  "expectancyratio": 0.0
}