{
  "capital": 0.0,
  "totaltradingdays": 242,
  "windays": 98,
  "lossdays": 144,
  "maxwinningstreakdays": 6,
  "maxlosingstreakdays": 6,
  "maxdddays": 76,
  "maxdddaysstr": " to 27/07/2023",
  "rewardtorisk": 0.0,
  "winrate": 40.49586776859504,
  "lossrate": 59.50413223140496,
  "avgmonthlyprofit": 198152.01290963648,
  "totalprofit": 2179672.1420060014,
  "maxprofitaday": 519984.02,
  "maxlossaday": -178884.02,
  "avgprofit_lossdaily": 9006.909338842976,
  "avgprofitonprofitdays": 80669.64530612245,
  "avglossonlossdays": -39763.563749999994,
  "maxdrawdown": 890018.405842999,
  "maxdrawdownper": 0.0,
  "avgmonthlyprofitstr": "1.98L",
  "totalprofitstr": "21.8L",
  "maxprofitadaystr": "5.2L",
  "maxlossadaystr": "-1.79L",
  "avgprofit_lossdailystr": "9.01K",
  "avgprofitonprofitdaysstr": "80.67K",
  "avglossonlossdaysstr": "-39.76K",
  "maxdrawdownstr": "8.9L",
  "expectancyratio": 0.0
}