{
  "capital": 0.0,
  "totaltradingdays": 52,
  "windays": 33,
  "lossdays": 19,
  "maxwinningstreakdays": 6,
  "maxlosingstreakdays": 4,
  "maxdddays": 32,
  "maxdddaysstr": " to 07/01/2024",
  "rewardtorisk": 0.0,
  "winrate": 63.46153846153846,
  "lossrate": 36.53846153846153,
  "avgmonthlyprofit": 216771.58968300006,
  "totalprofit": 867086.3587320002,
  "maxprofitaday": 1322876.79,
  "maxlossaday": -828013.02,
  "avgprofit_lossdaily": 9742.543595505615,
  "avgprofitonprofitdays": 163609.20242424245,
  "avglossonlossdays": -238527.2263157895,
  "maxdrawdown": 1242384.8499329998,
  "maxdrawdownper": 0.0,
  "avgmonthlyprofitstr": "2.17L",
  "totalprofitstr": "8.67L",
  "maxprofitadaystr": "13.23L",
  "maxlossadaystr": "-8.28L",
  "avgprofit_lossdailystr": "9.74K",
  "avgprofitonprofitdaysstr": "1.64L",
  "avglossonlossdaysstr": "-2.39L",
  "maxdrawdownstr": "12.42L",
  "expectancyratio": 0.0
}