{
  "capital": 0.0,
  "totaltradingdays": 152,
  "windays": 53,
  "lossdays": 99,
  "maxwinningstreakdays": 5,
  "maxlosingstreakdays": 9,
  "maxdddays": 351,
  "maxdddaysstr": " to 20/03/2024",
  "rewardtorisk": 0.0,
  "winrate": 34.868421052631575,
  "lossrate": 65.13157894736842,
  "avgmonthlyprofit": -3393.576746266667,
  "totalprofit": -50903.651194000005,
  "maxprofitaday": 9185.9,
  "maxlossaday": -6339.14,
  "avgprofit_lossdaily": -145.02450142450135,
  "avgprofitonprofitdays": 2115.481698113207,
  "avglossonlossdays": -1646.7083838383835,
  "maxdrawdown": 55237.824162000026,
  "maxdrawdownper": 0.0,
  "avgmonthlyprofitstr": "-3.39K",
  "totalprofitstr": "-50.9K",
  "maxprofitadaystr": "9.19K",
  "maxlossadaystr": "-6.34K",
  "avgprofit_lossdailystr": "-145.02",
  "avgprofitonprofitdaysstr": "2.12K",
  "avglossonlossdaysstr": "-1.65K",
  "maxdrawdownstr": "55.24K",
  "expectancyratio": 0.0
}