{
  "capital": 0.0,
  "totaltradingdays": 123,
  "windays": 88,
  "lossdays": 35,
  "maxwinningstreakdays": 11,
  "maxlosingstreakdays": 3,
  "maxdddays": 66,
  "maxdddaysstr": " to 14/12/2023",
  "rewardtorisk": 0.0,
  "winrate": 71.54471544715447,
  "lossrate": 28.455284552845526,
  "avgmonthlyprofit": 4418.6784861250435,
  "totalprofit": 35349.42788900035,
  "maxprofitaday": 176368.21,
  "maxlossaday": -874758.86,
  "avgprofit_lossdaily": 196.38566666666472,
  "avgprofitonprofitdays": 23301.553977272724,
  "avglossonlossdays": -57576.78085714286,
  "maxdrawdown": 1036147.9999260003,
  "maxdrawdownper": 0.0,
  "avgmonthlyprofitstr": "4.42K",
  "totalprofitstr": "35.35K",
  "maxprofitadaystr": "1.76L",
  "maxlossadaystr": "-8.75L",
  "avgprofit_lossdailystr": "196.39",
  "avgprofitonprofitdaysstr": "23.3K",
  "avglossonlossdaysstr": "-57.58K",
  "maxdrawdownstr": "10.36L",
  "expectancyratio": 0.0
}