{
  "capital": 0.0,
  "totaltradingdays": 152,
  "windays": 96,
  "lossdays": 56,
  "maxwinningstreakdays": 11,
  "maxlosingstreakdays": 5,
  "maxdddays": 122,
  "maxdddaysstr": " to 27/08/2023",
  "rewardtorisk": 0.0,
  "winrate": 63.1578947368421,
  "lossrate": 36.84210526315789,
  "avgmonthlyprofit": -40515.261279000006,
  "totalprofit": -405152.61279000004,
  "maxprofitaday": 253718.54,
  "maxlossaday": -761795.21,
  "avgprofit_lossdaily": -1695.1991213389115,
  "avgprofitonprofitdays": 38351.270937500005,
  "avglossonlossdays": -72979.90357142857,
  "maxdrawdown": 1269266.910181,
  "maxdrawdownper": 0.0,
  "avgmonthlyprofitstr": "-40.52K",
  "totalprofitstr": "-4.05L",
  "maxprofitadaystr": "2.54L",
  "maxlossadaystr": "-7.62L",
  "avgprofit_lossdailystr": "-1.7K",
  "avgprofitonprofitdaysstr": "38.35K",
  "avglossonlossdaysstr": "-72.98K",
  "maxdrawdownstr": "12.69L",
  "expectancyratio": 0.0
}