{
  "capital": 0.0,
  "totaltradingdays": 57,
  "windays": 34,
  "lossdays": 23,
  "maxwinningstreakdays": 10,
  "maxlosingstreakdays": 5,
  "maxdddays": 90,
  "maxdddaysstr": " to 27/02/2024",
  "rewardtorisk": 0.0,
  "winrate": 59.64912280701754,
  "lossrate": 40.35087719298245,
  "avgmonthlyprofit": -119442.85776000006,
  "totalprofit": -477771.4310400002,
  "maxprofitaday": 116830.648651,
  "maxlossaday": -202324.027992,
  "avgprofit_lossdaily": -5308.571456000002,
  "avgprofitonprofitdays": 25947.116545294113,
  "avglossonlossdays": -59129.27798173913,
  "maxdrawdown": 741656.4828220003,
  "maxdrawdownper": 0.0,
  "avgmonthlyprofitstr": "-1.19L",
  "totalprofitstr": "-4.78L",
  "maxprofitadaystr": "1.17L",
  "maxlossadaystr": "-2.02L",
  "avgprofit_lossdailystr": "-5.31K",
  "avgprofitonprofitdaysstr": "25.95K",
  "avglossonlossdaysstr": "-59.13K",
  "maxdrawdownstr": "7.42L",
  "expectancyratio": 0.0
}