{
  "capital": 0.0,
  "totaltradingdays": 39,
  "windays": 25,
  "lossdays": 14,
  "maxwinningstreakdays": 13,
  "maxlosingstreakdays": 5,
  "maxdddays": 18,
  "maxdddaysstr": " to 22/02/2024",
  "rewardtorisk": 0.0,
  "winrate": 64.1025641025641,
  "lossrate": 35.8974358974359,
  "avgmonthlyprofit": 99767.85481899999,
  "totalprofit": 299303.56445699994,
  "maxprofitaday": 118568.03,
  "maxlossaday": -63584.85,
  "avgprofit_lossdaily": 3650.0432926829276,
  "avgprofitonprofitdays": 21962.621999999996,
  "avglossonlossdays": -17840.14285714286,
  "maxdrawdown": 160063.11091800002,
  "maxdrawdownper": 0.0,
  "avgmonthlyprofitstr": "99.77K",
  "totalprofitstr": "2.99L",
  "maxprofitadaystr": "1.19L",
  "maxlossadaystr": "-63.58K",
  "avgprofit_lossdailystr": "3.65K",
  "avgprofitonprofitdaysstr": "21.96K",
  "avglossonlossdaysstr": "-17.84K",
  "maxdrawdownstr": "1.6L",
  "expectancyratio": 0.0
}