{
  "capital": 0.0,
  "totaltradingdays": 19,
  "windays": 4,
  "lossdays": 15,
  "maxwinningstreakdays": 2,
  "maxlosingstreakdays": 5,
  "maxdddays": 28,
  "maxdddaysstr": " to 28/02/2024",
  "rewardtorisk": 0.0,
  "winrate": 21.052631578947366,
  "lossrate": 78.94736842105263,
  "avgmonthlyprofit": -1661271.7437379998,
  "totalprofit": -1661271.7437379998,
  "maxprofitaday": 178902.36,
  "maxlossaday": -711248.17,
  "avgprofit_lossdaily": -59331.133214285735,
  "avgprofitonprofitdays": 72306.25749999999,
  "avglossonlossdays": -130033.11733333337,
  "maxdrawdown": 1661271.7437379998,
  "maxdrawdownper": 0.0,
  "avgmonthlyprofitstr": "-16.61L",
  "totalprofitstr": "-16.61L",
  "maxprofitadaystr": "1.79L",
  "maxlossadaystr": "-7.11L",
  "avgprofit_lossdailystr": "-59.33K",
  "avgprofitonprofitdaysstr": "72.31K",
  "avglossonlossdaysstr": "-1.3L",
  "maxdrawdownstr": "16.61L",
  "expectancyratio": 0.0
}