{
  "capital": 0.0,
  "totaltradingdays": 55,
  "windays": 36,
  "lossdays": 19,
  "maxwinningstreakdays": 6,
  "maxlosingstreakdays": 3,
  "maxdddays": 11,
  "maxdddaysstr": " to 31/12/2023",
  "rewardtorisk": 0.0,
  "winrate": 65.45454545454545,
  "lossrate": 34.54545454545455,
  "avgmonthlyprofit": 254423.75814624998,
  "totalprofit": 1017695.0325849999,
  "maxprofitaday": 161181.98,
  "maxlossaday": -120634.27,
  "avgprofit_lossdaily": 11307.722777777777,
  "avgprofitonprofitdays": 48899.023055555546,
  "avglossonlossdays": -39087.883157894736,
  "maxdrawdown": 139838.385905,
  "maxdrawdownper": 0.0,
  "avgmonthlyprofitstr": "2.54L",
  "totalprofitstr": "10.18L",
  "maxprofitadaystr": "1.61L",
  "maxlossadaystr": "-1.21L",
  "avgprofit_lossdailystr": "11.31K",
  "avgprofitonprofitdaysstr": "48.9K",
  "avglossonlossdaysstr": "-39.09K",
  "maxdrawdownstr": "1.4L",
  "expectancyratio": 0.0
}