{
  "capital": 0.0,
  "totaltradingdays": 153,
  "windays": 86,
  "lossdays": 67,
  "maxwinningstreakdays": 11,
  "maxlosingstreakdays": 9,
  "maxdddays": 44,
  "maxdddaysstr": " to 20/07/2023",
  "rewardtorisk": 0.0,
  "winrate": 56.209150326797385,
  "lossrate": 43.790849673202615,
  "avgmonthlyprofit": 28664.95140333335,
  "totalprofit": 171989.7084200001,
  "maxprofitaday": 45214.56,
  "maxlossaday": -94242.2,
  "avgprofit_lossdaily": 1124.11568627451,
  "avgprofitonprofitdays": 7676.833837209302,
  "avglossonlossdays": -7286.835970149254,
  "maxdrawdown": 163355.14264499999,
  "maxdrawdownper": 0.0,
  "avgmonthlyprofitstr": "28.66K",
  "totalprofitstr": "1.72L",
  "maxprofitadaystr": "45.21K",
  "maxlossadaystr": "-94.24K",
  "avgprofit_lossdailystr": "1.12K",
  "avgprofitonprofitdaysstr": "7.68K",
  "avglossonlossdaysstr": "-7.29K",
  "maxdrawdownstr": "1.63L",
  "expectancyratio": 0.0
}