{
  "capital": 0.0,
  "totaltradingdays": 161,
  "windays": 115,
  "lossdays": 46,
  "maxwinningstreakdays": 14,
  "maxlosingstreakdays": 3,
  "maxdddays": 95,
  "maxdddaysstr": " to 13/08/2023",
  "rewardtorisk": 0.0,
  "winrate": 71.42857142857143,
  "lossrate": 28.57142857142857,
  "avgmonthlyprofit": 110710.70850281246,
  "totalprofit": 1771371.3360449993,
  "maxprofitaday": 104052.21,
  "maxlossaday": -130607.58,
  "avgprofit_lossdaily": 5032.304943181815,
  "avgprofitonprofitdays": 28566.45869565218,
  "avglossonlossdays": -32908.07413043478,
  "maxdrawdown": 331038.220948,
  "maxdrawdownper": 0.0,
  "avgmonthlyprofitstr": "1.11L",
  "totalprofitstr": "17.71L",
  "maxprofitadaystr": "1.04L",
  "maxlossadaystr": "-1.31L",
  "avgprofit_lossdailystr": "5.03K",
  "avgprofitonprofitdaysstr": "28.57K",
  "avglossonlossdaysstr": "-32.91K",
  "maxdrawdownstr": "3.31L",
  "expectancyratio": 0.0
}