{
  "capital": 0.0,
  "totaltradingdays": 154,
  "windays": 94,
  "lossdays": 60,
  "maxwinningstreakdays": 11,
  "maxlosingstreakdays": 6,
  "maxdddays": 32,
  "maxdddaysstr": " to 19/07/2023",
  "rewardtorisk": 0.0,
  "winrate": 61.038961038961034,
  "lossrate": 38.961038961038966,
  "avgmonthlyprofit": 53272.82007528574,
  "totalprofit": 372909.74052700016,
  "maxprofitaday": 128245.77,
  "maxlossaday": -94242.2,
  "avgprofit_lossdaily": 2421.491688311688,
  "avgprofitonprofitdays": 10133.518936170214,
  "avglossonlossdays": -9660.684333333335,
  "maxdrawdown": 163355.14264499999,
  "maxdrawdownper": 0.0,
  "avgmonthlyprofitstr": "53.27K",
  "totalprofitstr": "3.73L",
  "maxprofitadaystr": "1.28L",
  "maxlossadaystr": "-94.24K",
  "avgprofit_lossdailystr": "2.42K",
  "avgprofitonprofitdaysstr": "10.13K",
  "avglossonlossdaysstr": "-9.66K",
  "maxdrawdownstr": "1.63L",
  "expectancyratio": 0.0
}