{
  "capital": 0.0,
  "totaltradingdays": 53,
  "windays": 31,
  "lossdays": 22,
  "maxwinningstreakdays": 8,
  "maxlosingstreakdays": 3,
  "maxdddays": 156,
  "maxdddaysstr": " to 03/05/2024",
  "rewardtorisk": 0.0,
  "winrate": 58.490566037735846,
  "lossrate": 41.509433962264154,
  "avgmonthlyprofit": -8694.974049999995,
  "totalprofit": -60864.81834999997,
  "maxprofitaday": 17564.87,
  "maxlossaday": -51047.61,
  "avgprofit_lossdaily": -390.15897435897483,
  "avgprofitonprofitdays": 5518.701612903225,
  "avglossonlossdays": -10542.934090909093,
  "maxdrawdown": 115367.614811,
  "maxdrawdownper": 0.0,
  "avgmonthlyprofitstr": "-8.69K",
  "totalprofitstr": "-60.86K",
  "maxprofitadaystr": "17.56K",
  "maxlossadaystr": "-51.05K",
  "avgprofit_lossdailystr": "-390.16",
  "avgprofitonprofitdaysstr": "5.52K",
  "avglossonlossdaysstr": "-10.54K",
  "maxdrawdownstr": "1.15L",
  "expectancyratio": 0.0
}