{
  "capital": 0.0,
  "totaltradingdays": 28,
  "windays": 15,
  "lossdays": 13,
  "maxwinningstreakdays": 3,
  "maxlosingstreakdays": 3,
  "maxdddays": 46,
  "maxdddaysstr": " to 22/12/2023",
  "rewardtorisk": 0.0,
  "winrate": 53.57142857142857,
  "lossrate": 46.42857142857143,
  "avgmonthlyprofit": -115380.02474649998,
  "totalprofit": -230760.04949299997,
  "maxprofitaday": 27811.82,
  "maxlossaday": -68222.81,
  "avgprofit_lossdaily": -5016.522826086956,
  "avgprofitonprofitdays": 12786.562666666665,
  "avglossonlossdays": -32504.499230769234,
  "maxdrawdown": 230760.04949299997,
  "maxdrawdownper": 0.0,
  "avgmonthlyprofitstr": "-1.15L",
  "totalprofitstr": "-2.31L",
  "maxprofitadaystr": "27.81K",
  "maxlossadaystr": "-68.22K",
  "avgprofit_lossdailystr": "-5.02K",
  "avgprofitonprofitdaysstr": "12.79K",
  "avglossonlossdaysstr": "-32.5K",
  "maxdrawdownstr": "2.31L",
  "expectancyratio": 0.0
}