{
  "capital": 0.0,
  "totaltradingdays": 191,
  "windays": 100,
  "lossdays": 91,
  "maxwinningstreakdays": 7,
  "maxlosingstreakdays": 7,
  "maxdddays": 65,
  "maxdddaysstr": " to 13/07/2023",
  "rewardtorisk": 0.0,
  "winrate": 52.35602094240838,
  "lossrate": 47.64397905759162,
  "avgmonthlyprofit": 411948.97201737494,
  "totalprofit": 3295591.7761389995,
  "maxprofitaday": 1993223.61,
  "maxlossaday": -727164.8,
  "avgprofit_lossdaily": 17254.40738219896,
  "avgprofitonprofitdays": 165436.4459999999,
  "avglossonlossdays": -145582.99769230763,
  "maxdrawdown": 2772002.6597719993,
  "maxdrawdownper": 0.0,
  "avgmonthlyprofitstr": "4.12L",
  "totalprofitstr": "32.96L",
  "maxprofitadaystr": "19.93L",
  "maxlossadaystr": "-7.27L",
  "avgprofit_lossdailystr": "17.25K",
  "avgprofitonprofitdaysstr": "1.65L",
  "avglossonlossdaysstr": "-1.46L",
  "maxdrawdownstr": "27.72L",
  "expectancyratio": 0.0
}