{
  "capital": 0.0,
  "totaltradingdays": 46,
  "windays": 33,
  "lossdays": 13,
  "maxwinningstreakdays": 10,
  "maxlosingstreakdays": 4,
  "maxdddays": 23,
  "maxdddaysstr": " to 14/02/2024",
  "rewardtorisk": 0.0,
  "winrate": 71.73913043478261,
  "lossrate": 28.26086956521739,
  "avgmonthlyprofit": 8265510.2700299965,
  "totalprofit": 24796530.81008999,
  "maxprofitaday": 8034281.32,
  "maxlossaday": -6799068.93,
  "avgprofit_lossdaily": 375705.01212121214,
  "avgprofitonprofitdays": 1720259.6536363633,
  "avglossonlossdays": -2459387.5207692306,
  "maxdrawdown": 13320141.286659,
  "maxdrawdownper": 0.0,
  "avgmonthlyprofitstr": "82.66L",
  "totalprofitstr": "2.48Cr",
  "maxprofitadaystr": "80.34L",
  "maxlossadaystr": "-67.99L",
  "avgprofit_lossdailystr": "3.76L",
  "avgprofitonprofitdaysstr": "17.2L",
  "avglossonlossdaysstr": "-24.59L",
  "maxdrawdownstr": "1.33Cr",
  "expectancyratio": 0.0
}