{
  "capital": 0.0,
  "totaltradingdays": 168,
  "windays": 88,
  "lossdays": 80,
  "maxwinningstreakdays": 8,
  "maxlosingstreakdays": 6,
  "maxdddays": 147,
  "maxdddaysstr": " to 31/01/2024",
  "rewardtorisk": 0.0,
  "winrate": 52.38095238095239,
  "lossrate": 47.61904761904761,
  "avgmonthlyprofit": -4393.482857142856,
  "totalprofit": -30754.379999999994,
  "maxprofitaday": 10315.25,
  "maxlossaday": -14632.0,
  "avgprofit_lossdaily": -183.06178571428566,
  "avgprofitonprofitdays": 2143.803068181818,
  "avglossonlossdays": -2742.6131250000008,
  "maxdrawdown": 52198.030000000006,
  "maxdrawdownper": 0.0,
  "avgmonthlyprofitstr": "-4.39K",
  "totalprofitstr": "-30.75K",
  "maxprofitadaystr": "10.32K",
  "maxlossadaystr": "-14.63K",
  "avgprofit_lossdailystr": "-183.06",
  "avgprofitonprofitdaysstr": "2.14K",
  "avglossonlossdaysstr": "-2.74K",
  "maxdrawdownstr": "52.2K",
  "expectancyratio": 0.0
}