{
  "capital": 0.0,
  "totaltradingdays": 224,
  "windays": 124,
  "lossdays": 100,
  "maxwinningstreakdays": 9,
  "maxlosingstreakdays": 4,
  "maxdddays": 224,
  "maxdddaysstr": " to 28/03/2024",
  "rewardtorisk": 0.0,
  "winrate": 55.35714285714286,
  "lossrate": 44.642857142857146,
  "avgmonthlyprofit": -66990.64023190005,
  "totalprofit": -669906.4023190005,
  "maxprofitaday": 107980.01,
  "maxlossaday": -305198.56,
  "avgprofit_lossdaily": -2990.653839285714,
  "avgprofitonprofitdays": 12226.061370967738,
  "avglossonlossdays": -21859.380699999998,
  "maxdrawdown": 878757.6259550006,
  "maxdrawdownper": 0.0,
  "avgmonthlyprofitstr": "-66.99K",
  "totalprofitstr": "-6.7L",
  "maxprofitadaystr": "1.08L",
  "maxlossadaystr": "-3.05L",
  "avgprofit_lossdailystr": "-2.99K",
  "avgprofitonprofitdaysstr": "12.23K",
  "avglossonlossdaysstr": "-21.86K",
  "maxdrawdownstr": "8.79L",
  "expectancyratio": 0.0
}