{
  "capital": 0.0,
  "totaltradingdays": 228,
  "windays": 101,
  "lossdays": 127,
  "maxwinningstreakdays": 6,
  "maxlosingstreakdays": 16,
  "maxdddays": 64,
  "maxdddaysstr": " to 02/05/2023",
  "rewardtorisk": 0.0,
  "winrate": 44.29824561403509,
  "lossrate": 55.70175438596491,
  "avgmonthlyprofit": 9634.534096444444,
  "totalprofit": 173421.613736,
  "maxprofitaday": 10690.28,
  "maxlossaday": -19025.63,
  "avgprofit_lossdaily": 415.8793285371703,
  "avgprofitonprofitdays": 2699.2924752475246,
  "avglossonlossdays": -781.1563779527557,
  "maxdrawdown": 34493.13105699996,
  "maxdrawdownper": 0.0,
  "avgmonthlyprofitstr": "9.63K",
  "totalprofitstr": "1.73L",
  "maxprofitadaystr": "10.69K",
  "maxlossadaystr": "-19.03K",
  "avgprofit_lossdailystr": "415.88",
  "avgprofitonprofitdaysstr": "2.7K",
  "avglossonlossdaysstr": "-781.16",
  "maxdrawdownstr": "34.49K",
  "expectancyratio": 0.0
}