{
  "capital": 0.0,
  "totaltradingdays": 212,
  "windays": 96,
  "lossdays": 116,
  "maxwinningstreakdays": 6,
  "maxlosingstreakdays": 10,
  "maxdddays": 64,
  "maxdddaysstr": " to 02/05/2023",
  "rewardtorisk": 0.0,
  "winrate": 45.28301886792453,
  "lossrate": 54.71698113207547,
  "avgmonthlyprofit": 8572.671881647057,
  "totalprofit": 145735.42198799996,
  "maxprofitaday": 10682.11,
  "maxlossaday": -19025.63,
  "avgprofit_lossdaily": 374.6413624678663,
  "avgprofitonprofitdays": 2486.4307291666664,
  "avglossonlossdays": -801.3953448275862,
  "maxdrawdown": 33754.88682799999,
  "maxdrawdownper": 0.0,
  "avgmonthlyprofitstr": "8.57K",
  "totalprofitstr": "1.46L",
  "maxprofitadaystr": "10.68K",
  "maxlossadaystr": "-19.03K",
  "avgprofit_lossdailystr": "374.64",
  "avgprofitonprofitdaysstr": "2.49K",
  "avglossonlossdaysstr": "-801.4",
  "maxdrawdownstr": "33.75K",
  "expectancyratio": 0.0
}