{
  "capital": 0.0,
  "totaltradingdays": 232,
  "windays": 103,
  "lossdays": 129,
  "maxwinningstreakdays": 6,
  "maxlosingstreakdays": 16,
  "maxdddays": 64,
  "maxdddaysstr": " to 02/05/2023",
  "rewardtorisk": 0.0,
  "winrate": 44.396551724137936,
  "lossrate": 55.603448275862064,
  "avgmonthlyprofit": 10288.22083810526,
  "totalprofit": 195476.19592399994,
  "maxprofitaday": 15032.92,
  "maxlossaday": -19025.63,
  "avgprofit_lossdaily": 461.0289386792454,
  "avgprofitonprofitdays": 2863.3386407766984,
  "avglossonlossdays": -770.9117054263564,
  "maxdrawdown": 34493.131056999904,
  "maxdrawdownper": 0.0,
  "avgmonthlyprofitstr": "10.29K",
  "totalprofitstr": "1.95L",
  "maxprofitadaystr": "15.03K",
  "maxlossadaystr": "-19.03K",
  "avgprofit_lossdailystr": "461.03",
  "avgprofitonprofitdaysstr": "2.86K",
  "avglossonlossdaysstr": "-770.91",
  "maxdrawdownstr": "34.49K",
  "expectancyratio": 0.0
}