{
  "capital": 0.0,
  "totaltradingdays": 206,
  "windays": 96,
  "lossdays": 110,
  "maxwinningstreakdays": 6,
  "maxlosingstreakdays": 6,
  "maxdddays": 64,
  "maxdddaysstr": " to 02/05/2023",
  "rewardtorisk": 0.0,
  "winrate": 46.601941747572816,
  "lossrate": 53.398058252427184,
  "avgmonthlyprofit": 10489.05615788235,
  "totalprofit": 178313.95468399997,
  "maxprofitaday": 10682.11,
  "maxlossaday": -9262.36,
  "avgprofit_lossdaily": 476.77545454545447,
  "avgprofitonprofitdays": 2486.4307291666664,
  "avglossonlossdays": -548.9393636363636,
  "maxdrawdown": 13472.367234000005,
  "maxdrawdownper": 0.0,
  "avgmonthlyprofitstr": "10.49K",
  "totalprofitstr": "1.78L",
  "maxprofitadaystr": "10.68K",
  "maxlossadaystr": "-9.26K",
  "avgprofit_lossdailystr": "476.78",
  "avgprofitonprofitdaysstr": "2.49K",
  "avglossonlossdaysstr": "-548.94",
  "maxdrawdownstr": "13.47K",
  "expectancyratio": 0.0
}