{
  "capital": 0.0,
  "totaltradingdays": 162,
  "windays": 103,
  "lossdays": 59,
  "maxwinningstreakdays": 11,
  "maxlosingstreakdays": 8,
  "maxdddays": 22,
  "maxdddaysstr": " to 02/05/2023",
  "rewardtorisk": 0.0,
  "winrate": 63.580246913580254,
  "lossrate": 36.41975308641975,
  "avgmonthlyprofit": 28285.800466571436,
  "totalprofit": 198000.60326600005,
  "maxprofitaday": 15032.92,
  "maxlossaday": -19025.63,
  "avgprofit_lossdaily": 1222.2262962962966,
  "avgprofitonprofitdays": 2863.3386407766984,
  "avglossonlossdays": -1642.7664406779659,
  "maxdrawdown": 33682.29260599997,
  "maxdrawdownper": 0.0,
  "avgmonthlyprofitstr": "28.29K",
  "totalprofitstr": "1.98L",
  "maxprofitadaystr": "15.03K",
  "maxlossadaystr": "-19.03K",
  "avgprofit_lossdailystr": "1.22K",
  "avgprofitonprofitdaysstr": "2.86K",
  "avglossonlossdaysstr": "-1.64K",
  "maxdrawdownstr": "33.68K",
  "expectancyratio": 0.0
}