{
  "capital": 0.0,
  "totaltradingdays": 199,
  "windays": 95,
  "lossdays": 104,
  "maxwinningstreakdays": 6,
  "maxlosingstreakdays": 6,
  "maxdddays": 64,
  "maxdddaysstr": " to 02/05/2023",
  "rewardtorisk": 0.0,
  "winrate": 47.73869346733669,
  "lossrate": 52.26130653266332,
  "avgmonthlyprofit": 11218.144300999997,
  "totalprofit": 179490.30881599995,
  "maxprofitaday": 10682.108628,
  "maxlossaday": -9262.364641,
  "avgprofit_lossdaily": 493.10524399999986,
  "avgprofitonprofitdays": 2507.256422873684,
  "avglossonlossdays": -564.4139553557692,
  "maxdrawdown": 13472.367234000005,
  "maxdrawdownper": 0.0,
  "avgmonthlyprofitstr": "11.22K",
  "totalprofitstr": "1.79L",
  "maxprofitadaystr": "10.68K",
  "maxlossadaystr": "-9.26K",
  "avgprofit_lossdailystr": "493.11",
  "avgprofitonprofitdaysstr": "2.51K",
  "avglossonlossdaysstr": "-564.41",
  "maxdrawdownstr": "13.47K",
  "expectancyratio": 0.0
}