{
  "capital": 0.0,
  "totaltradingdays": 197,
  "windays": 93,
  "lossdays": 104,
  "maxwinningstreakdays": 6,
  "maxlosingstreakdays": 6,
  "maxdddays": 64,
  "maxdddaysstr": " to 02/05/2023",
  "rewardtorisk": 0.0,
  "winrate": 47.20812182741117,
  "lossrate": 52.79187817258884,
  "avgmonthlyprofit": 10528.841376124998,
  "totalprofit": 168461.46201799996,
  "maxprofitaday": 10682.108628,
  "maxlossaday": -9262.364641,
  "avgprofit_lossdaily": 467.94850560555545,
  "avgprofitonprofitdays": 2442.5861653225807,
  "avglossonlossdays": -564.4139553557692,
  "maxdrawdown": 13472.367234000005,
  "maxdrawdownper": 0.0,
  "avgmonthlyprofitstr": "10.53K",
  "totalprofitstr": "1.68L",
  "maxprofitadaystr": "10.68K",
  "maxlossadaystr": "-9.26K",
  "avgprofit_lossdailystr": "467.95",
  "avgprofitonprofitdaysstr": "2.44K",
  "avglossonlossdaysstr": "-564.41",
  "maxdrawdownstr": "13.47K",
  "expectancyratio": 0.0
}