{
  "capital": 0.0,
  "totaltradingdays": 198,
  "windays": 94,
  "lossdays": 104,
  "maxwinningstreakdays": 6,
  "maxlosingstreakdays": 6,
  "maxdddays": 64,
  "maxdddaysstr": " to 02/05/2023",
  "rewardtorisk": 0.0,
  "winrate": 47.474747474747474,
  "lossrate": 52.52525252525253,
  "avgmonthlyprofit": 10752.294278437497,
  "totalprofit": 172036.70845499996,
  "maxprofitaday": 10682.108628,
  "maxlossaday": -9262.364641,
  "avgprofit_lossdaily": 476.5559790997229,
  "avgprofitonprofitdays": 2454.6357426808513,
  "avglossonlossdays": -564.4139553557692,
  "maxdrawdown": 13472.367234000005,
  "maxdrawdownper": 0.0,
  "avgmonthlyprofitstr": "10.75K",
  "totalprofitstr": "1.72L",
  "maxprofitadaystr": "10.68K",
  "maxlossadaystr": "-9.26K",
  "avgprofit_lossdailystr": "476.56",
  "avgprofitonprofitdaysstr": "2.45K",
  "avglossonlossdaysstr": "-564.41",
  "maxdrawdownstr": "13.47K",
  "expectancyratio": 0.0
}