{
  "capital": 0.0,
  "totaltradingdays": 204,
  "windays": 96,
  "lossdays": 108,
  "maxwinningstreakdays": 6,
  "maxlosingstreakdays": 6,
  "maxdddays": 64,
  "maxdddaysstr": " to 02/05/2023",
  "rewardtorisk": 0.0,
  "winrate": 47.05882352941176,
  "lossrate": 52.94117647058824,
  "avgmonthlyprofit": 11206.615211062497,
  "totalprofit": 179305.84337699995,
  "maxprofitaday": 10682.11,
  "maxlossaday": -9262.36,
  "avgprofit_lossdaily": 482.0051344086021,
  "avgprofitonprofitdays": 2486.4307291666664,
  "avglossonlossdays": -549.9207407407407,
  "maxdrawdown": 13472.367234000005,
  "maxdrawdownper": 0.0,
  "avgmonthlyprofitstr": "11.21K",
  "totalprofitstr": "1.79L",
  "maxprofitadaystr": "10.68K",
  "maxlossadaystr": "-9.26K",
  "avgprofit_lossdailystr": "482.01",
  "avgprofitonprofitdaysstr": "2.49K",
  "avglossonlossdaysstr": "-549.92",
  "maxdrawdownstr": "13.47K",
  "expectancyratio": 0.0
}