{
  "capital": 0.0,
  "totaltradingdays": 118,
  "windays": 67,
  "lossdays": 51,
  "maxwinningstreakdays": 9,
  "maxlosingstreakdays": 4,
  "maxdddays": 36,
  "maxdddaysstr": " to 29/11/2023",
  "rewardtorisk": 0.0,
  "winrate": 56.779661016949156,
  "lossrate": 43.22033898305085,
  "avgmonthlyprofit": 54502.89430175001,
  "totalprofit": 436023.1544140001,
  "maxprofitaday": 78654.56,
  "maxlossaday": -95010.14,
  "avgprofit_lossdaily": 2449.568146067416,
  "avgprofitonprofitdays": 22670.768955223877,
  "avglossonlossdays": -21233.693921568625,
  "maxdrawdown": 160209.36946099997,
  "maxdrawdownper": 0.0,
  "avgmonthlyprofitstr": "54.5K",
  "totalprofitstr": "4.36L",
  "maxprofitadaystr": "78.65K",
  "maxlossadaystr": "-95.01K",
  "avgprofit_lossdailystr": "2.45K",
  "avgprofitonprofitdaysstr": "22.67K",
  "avglossonlossdaysstr": "-21.23K",
  "maxdrawdownstr": "1.6L",
  "expectancyratio": 0.0
}