{
  "capital": 0.0,
  "totaltradingdays": 243,
  "windays": 98,
  "lossdays": 145,
  "maxwinningstreakdays": 6,
  "maxlosingstreakdays": 6,
  "maxdddays": 109,
  "maxdddaysstr": " to 27/07/2023",
  "rewardtorisk": 0.0,
  "winrate": 40.32921810699588,
  "lossrate": 59.67078189300411,
  "avgmonthlyprofit": 135848.69347512512,
  "totalprofit": 2173579.095602002,
  "maxprofitaday": 519984.02,
  "maxlossaday": -178884.02,
  "avgprofit_lossdaily": 6088.4566386554625,
  "avgprofitonprofitdays": 80643.70704081633,
  "avglossonlossdays": -39513.82255172412,
  "maxdrawdown": 891326.8018009984,
  "maxdrawdownper": 0.0,
  "avgmonthlyprofitstr": "1.36L",
  "totalprofitstr": "21.74L",
  "maxprofitadaystr": "5.2L",
  "maxlossadaystr": "-1.79L",
  "avgprofit_lossdailystr": "6.09K",
  "avgprofitonprofitdaysstr": "80.64K",
  "avglossonlossdaysstr": "-39.51K",
  "maxdrawdownstr": "8.91L",
  "expectancyratio": 0.0
}