{
  "capital": 0.0,
  "totaltradingdays": 13,
  "windays": 7,
  "lossdays": 6,
  "maxwinningstreakdays": 5,
  "maxlosingstreakdays": 3,
  "maxdddays": 21,
  "maxdddaysstr": " to 21/02/2024",
  "rewardtorisk": 0.0,
  "winrate": 53.84615384615385,
  "lossrate": 46.15384615384615,
  "avgmonthlyprofit": 25430.780323000006,
  "totalprofit": 25430.780323000006,
  "maxprofitaday": 31699.93,
  "maxlossaday": -56210.43,
  "avgprofit_lossdaily": 908.2417857142862,
  "avgprofitonprofitdays": 14690.278571428573,
  "avglossonlossdays": -12900.196666666665,
  "maxdrawdown": 69372.926507,
  "maxdrawdownper": 0.0,
  "avgmonthlyprofitstr": "25.43K",
  "totalprofitstr": "25.43K",
  "maxprofitadaystr": "31.7K",
  "maxlossadaystr": "-56.21K",
  "avgprofit_lossdailystr": "908.24",
  "avgprofitonprofitdaysstr": "14.69K",
  "avglossonlossdaysstr": "-12.9K",
  "maxdrawdownstr": "69.37K",
  "expectancyratio": 0.0
}