{
  "capital": 0.0,
  "totaltradingdays": 13,
  "windays": 3,
  "lossdays": 10,
  "maxwinningstreakdays": 1,
  "maxlosingstreakdays": 4,
  "maxdddays": 24,
  "maxdddaysstr": " to 02/05/2024",
  "rewardtorisk": 0.0,
  "winrate": 23.076923076923077,
  "lossrate": 76.92307692307693,
  "avgmonthlyprofit": -116986.42834399999,
  "totalprofit": -116986.42834399999,
  "maxprofitaday": 27262.3,
  "maxlossaday": -70115.2,
  "avgprofit_lossdaily": -4874.434166666667,
  "avgprofitonprofitdays": 22847.236666666668,
  "avglossonlossdays": -18552.813000000002,
  "maxdrawdown": 116986.42834399999,
  "maxdrawdownper": 0.0,
  "avgmonthlyprofitstr": "-1.17L",
  "totalprofitstr": "-1.17L",
  "maxprofitadaystr": "27.26K",
  "maxlossadaystr": "-70.12K",
  "avgprofit_lossdailystr": "-4.87K",
  "avgprofitonprofitdaysstr": "22.85K",
  "avglossonlossdaysstr": "-18.55K",
  "maxdrawdownstr": "1.17L",
  "expectancyratio": 0.0
}