{
  "capital": 0.0,
  "totaltradingdays": 17,
  "windays": 6,
  "lossdays": 11,
  "maxwinningstreakdays": 4,
  "maxlosingstreakdays": 8,
  "maxdddays": 15,
  "maxdddaysstr": " to 22/03/2023",
  "rewardtorisk": 0.0,
  "winrate": 35.294117647058826,
  "lossrate": 64.70588235294117,
  "avgmonthlyprofit": -13056.583131999983,
  "totalprofit": -13056.583131999983,
  "maxprofitaday": 102719.31,
  "maxlossaday": -92367.04,
  "avgprofit_lossdaily": -544.0250000000002,
  "avgprofitonprofitdays": 42986.46166666667,
  "avglossonlossdays": -24634.124545454546,
  "maxdrawdown": 155007.426747,
  "maxdrawdownper": 0.0,
  "avgmonthlyprofitstr": "-13.06K",
  "totalprofitstr": "-13.06K",
  "maxprofitadaystr": "1.03L",
  "maxlossadaystr": "-92.37K",
  "avgprofit_lossdailystr": "-544.03",
  "avgprofitonprofitdaysstr": "42.99K",
  "avglossonlossdaysstr": "-24.63K",
  "maxdrawdownstr": "1.55L",
  "expectancyratio": 0.0
}