{
  "capital": 0.0,
  "totaltradingdays": 99,
  "windays": 47,
  "lossdays": 52,
  "maxwinningstreakdays": 8,
  "maxlosingstreakdays": 7,
  "maxdddays": 111,
  "maxdddaysstr": " to 10/01/2024",
  "rewardtorisk": 0.0,
  "winrate": 47.474747474747474,
  "lossrate": 52.52525252525253,
  "avgmonthlyprofit": 68584.78823800004,
  "totalprofit": 548678.3059040003,
  "maxprofitaday": 379245.51,
  "maxlossaday": -554416.75,
  "avgprofit_lossdaily": 3048.213000000001,
  "avgprofitonprofitdays": 67919.47531914894,
  "avglossonlossdays": -50837.249999999985,
  "maxdrawdown": 831442.1088919999,
  "maxdrawdownper": 0.0,
  "avgmonthlyprofitstr": "68.58K",
  "totalprofitstr": "5.49L",
  "maxprofitadaystr": "3.79L",
  "maxlossadaystr": "-5.54L",
  "avgprofit_lossdailystr": "3.05K",
  "avgprofitonprofitdaysstr": "67.92K",
  "avglossonlossdaysstr": "-50.84K",
  "maxdrawdownstr": "8.31L",
  "expectancyratio": 0.0
}