{
  "capital": 0.0,
  "totaltradingdays": 98,
  "windays": 50,
  "lossdays": 48,
  "maxwinningstreakdays": 8,
  "maxlosingstreakdays": 6,
  "maxdddays": 78,
  "maxdddaysstr": " to 10/01/2024",
  "rewardtorisk": 0.0,
  "winrate": 51.02040816326531,
  "lossrate": 48.97959183673469,
  "avgmonthlyprofit": 1557.6525663750363,
  "totalprofit": 12461.22053100029,
  "maxprofitaday": 379245.51,
  "maxlossaday": -554416.75,
  "avgprofit_lossdaily": 70.0069101123601,
  "avgprofitonprofitdays": 60933.148600000015,
  "avglossonlossdays": -63212.42083333333,
  "maxdrawdown": 800150.8915449999,
  "maxdrawdownper": 0.0,
  "avgmonthlyprofitstr": "1.56K",
  "totalprofitstr": "12.46K",
  "maxprofitadaystr": "3.79L",
  "maxlossadaystr": "-5.54L",
  "avgprofit_lossdailystr": "70.01",
  "avgprofitonprofitdaysstr": "60.93K",
  "avglossonlossdaysstr": "-63.21K",
  "maxdrawdownstr": "8L",
  "expectancyratio": 0.0
}