{
  "capital": 0.0,
  "totaltradingdays": 42,
  "windays": 33,
  "lossdays": 9,
  "maxwinningstreakdays": 10,
  "maxlosingstreakdays": 3,
  "maxdddays": 59,
  "maxdddaysstr": " to 28-03-2024",
  "rewardtorisk": 0.0,
  "winrate": 78.57142857142857,
  "lossrate": 21.428571428571427,
  "avgmonthlyprofit": -483727.84789250005,
  "totalprofit": -967455.6957850001,
  "maxprofitaday": 272965.32,
  "maxlossaday": -1495553.78,
  "avgprofit_lossdaily": -16397.554237288132,
  "avgprofitonprofitdays": 82555.48757575754,
  "avglossonlossdays": -410198.53222222225,
  "maxdrawdown": 1634460.0777719999,
  "maxdrawdownper": 0.0,
  "avgmonthlyprofitstr": "-4.84L",
  "totalprofitstr": "-9.67L",
  "maxprofitadaystr": "2.73L",
  "maxlossadaystr": "-14.96L",
  "avgprofit_lossdailystr": "-16.4K",
  "avgprofitonprofitdaysstr": "82.56K",
  "avglossonlossdaysstr": "-4.1L",
  "maxdrawdownstr": "16.34L",
  "expectancyratio": 0.0
}