{
  "capital": 0.0,
  "totaltradingdays": 34,
  "windays": 15,
  "lossdays": 19,
  "maxwinningstreakdays": 3,
  "maxlosingstreakdays": 6,
  "maxdddays": 49,
  "maxdddaysstr": " to 28/03/2024",
  "rewardtorisk": 0.0,
  "winrate": 44.11764705882353,
  "lossrate": 55.88235294117647,
  "avgmonthlyprofit": -91828.45229399993,
  "totalprofit": -183656.90458799986,
  "maxprofitaday": 128908.27,
  "maxlossaday": -140551.61,
  "avgprofit_lossdaily": -3748.0997959183683,
  "avgprofitonprofitdays": 30107.784666666677,
  "avglossonlossdays": -33435.45578947368,
  "maxdrawdown": 421709.79627299996,
  "maxdrawdownper": 0.0,
  "avgmonthlyprofitstr": "-91.83K",
  "totalprofitstr": "-1.84L",
  "maxprofitadaystr": "1.29L",
  "maxlossadaystr": "-1.41L",
  "avgprofit_lossdailystr": "-3.75K",
  "avgprofitonprofitdaysstr": "30.11K",
  "avglossonlossdaysstr": "-33.44K",
  "maxdrawdownstr": "4.22L",
  "expectancyratio": 0.0
}