{
  "capital": 0.0,
  "totaltradingdays": 243,
  "windays": 205,
  "lossdays": 38,
  "maxwinningstreakdays": 31,
  "maxlosingstreakdays": 3,
  "maxdddays": 41,
  "maxdddaysstr": " to 14/12/2022",
  "rewardtorisk": 0.0,
  "winrate": 84.36213991769547,
  "lossrate": 15.637860082304528,
  "avgmonthlyprofit": 425642.79855824995,
  "totalprofit": 6810284.776931999,
  "maxprofitaday": 266818.936469,
  "maxlossaday": -565361.406097,
  "avgprofit_lossdaily": 19023.141835005583,
  "avgprofitonprofitdays": 55116.85479325364,
  "avglossonlossdays": -118122.90672855261,
  "maxdrawdown": 581432.4083720008,
  "maxdrawdownper": 0.0,
  "avgmonthlyprofitstr": "4.26L",
  "totalprofitstr": "68.1L",
  "maxprofitadaystr": "2.67L",
  "maxlossadaystr": "-5.65L",
  "avgprofit_lossdailystr": "19.02K",
  "avgprofitonprofitdaysstr": "55.12K",
  "avglossonlossdaysstr": "-1.18L",
  "maxdrawdownstr": "5.81L",
  "expectancyratio": 0.0
}