{
  "capital": 0.0,
  "totaltradingdays": 94,
  "windays": 22,
  "lossdays": 72,
  "maxwinningstreakdays": 3,
  "maxlosingstreakdays": 11,
  "maxdddays": 377,
  "maxdddaysstr": " to 03/04/2024",
  "rewardtorisk": 0.0,
  "winrate": 23.404255319148938,
  "lossrate": 76.59574468085107,
  "avgmonthlyprofit": -6607.778275764709,
  "totalprofit": -112332.23068800005,
  "maxprofitaday": 9088.13,
  "maxlossaday": -18069.35,
  "avgprofit_lossdaily": -297.96358090185663,
  "avgprofitonprofitdays": 3028.09090909091,
  "avglossonlossdays": -2485.4204166666673,
  "maxdrawdown": 112332.23068800005,
  "maxdrawdownper": 0.0,
  "avgmonthlyprofitstr": "-6.61K",
  "totalprofitstr": "-1.12L",
  "maxprofitadaystr": "9.09K",
  "maxlossadaystr": "-18.07K",
  "avgprofit_lossdailystr": "-297.96",
  "avgprofitonprofitdaysstr": "3.03K",
  "avglossonlossdaysstr": "-2.49K",
  "maxdrawdownstr": "1.12L",
  "expectancyratio": 0.0
}