{
  "capital": 0.0,
  "totaltradingdays": 88,
  "windays": 21,
  "lossdays": 67,
  "maxwinningstreakdays": 3,
  "maxlosingstreakdays": 11,
  "maxdddays": 362,
  "maxdddaysstr": " to 19/03/2024",
  "rewardtorisk": 0.0,
  "winrate": 23.863636363636363,
  "lossrate": 76.13636363636364,
  "avgmonthlyprofit": -6694.303079062498,
  "totalprofit": -107108.84926499997,
  "maxprofitaday": 9088.13,
  "maxlossaday": -18069.35,
  "avgprofit_lossdaily": -295.8809392265192,
  "avgprofitonprofitdays": 3101.1695238095244,
  "avglossonlossdays": -2570.6486567164184,
  "maxdrawdown": 107589.46539399997,
  "maxdrawdownper": 0.0,
  "avgmonthlyprofitstr": "-6.69K",
  "totalprofitstr": "-1.07L",
  "maxprofitadaystr": "9.09K",
  "maxlossadaystr": "-18.07K",
  "avgprofit_lossdailystr": "-295.88",
  "avgprofitonprofitdaysstr": "3.1K",
  "avglossonlossdaysstr": "-2.57K",
  "maxdrawdownstr": "1.08L",
  "expectancyratio": 0.0
}