{
  "capital": 0.0,
  "totaltradingdays": 89,
  "windays": 21,
  "lossdays": 68,
  "maxwinningstreakdays": 3,
  "maxlosingstreakdays": 11,
  "maxdddays": 363,
  "maxdddaysstr": " to 20/03/2024",
  "rewardtorisk": 0.0,
  "winrate": 23.595505617977526,
  "lossrate": 76.40449438202246,
  "avgmonthlyprofit": -6730.967040687503,
  "totalprofit": -107695.47265100005,
  "maxprofitaday": 9088.13,
  "maxlossaday": -18069.35,
  "avgprofit_lossdaily": -296.6818732782368,
  "avgprofitonprofitdays": 3101.1695238095244,
  "avglossonlossdays": -2541.4717647058824,
  "maxdrawdown": 107695.47265100005,
  "maxdrawdownper": 0.0,
  "avgmonthlyprofitstr": "-6.73K",
  "totalprofitstr": "-1.08L",
  "maxprofitadaystr": "9.09K",
  "maxlossadaystr": "-18.07K",
  "avgprofit_lossdailystr": "-296.68",
  "avgprofitonprofitdaysstr": "3.1K",
  "avglossonlossdaysstr": "-2.54K",
  "maxdrawdownstr": "1.08L",
  "expectancyratio": 0.0
}