{
  "capital": 0.0,
  "totaltradingdays": 97,
  "windays": 23,
  "lossdays": 74,
  "maxwinningstreakdays": 3,
  "maxlosingstreakdays": 11,
  "maxdddays": 400,
  "maxdddaysstr": " to 26/04/2024",
  "rewardtorisk": 0.0,
  "winrate": 23.711340206185564,
  "lossrate": 76.28865979381443,
  "avgmonthlyprofit": -5793.963696777781,
  "totalprofit": -104291.34654200006,
  "maxprofitaday": 9088.13,
  "maxlossaday": -18069.35,
  "avgprofit_lossdaily": -260.7284749999999,
  "avgprofitonprofitdays": 3252.4973913043486,
  "avglossonlossdays": -2420.25445945946,
  "maxdrawdown": 112332.23068800005,
  "maxdrawdownper": 0.0,
  "avgmonthlyprofitstr": "-5.79K",
  "totalprofitstr": "-1.04L",
  "maxprofitadaystr": "9.09K",
  "maxlossadaystr": "-18.07K",
  "avgprofit_lossdailystr": "-260.73",
  "avgprofitonprofitdaysstr": "3.25K",
  "avglossonlossdaysstr": "-2.42K",
  "maxdrawdownstr": "1.12L",
  "expectancyratio": 0.0
}