{
  "capital": 0.0,
  "totaltradingdays": 93,
  "windays": 22,
  "lossdays": 71,
  "maxwinningstreakdays": 3,
  "maxlosingstreakdays": 11,
  "maxdddays": 371,
  "maxdddaysstr": " to 28/03/2024",
  "rewardtorisk": 0.0,
  "winrate": 23.655913978494624,
  "lossrate": 76.34408602150538,
  "avgmonthlyprofit": -6795.130777500003,
  "totalprofit": -108722.09244000005,
  "maxprofitaday": 9088.13,
  "maxlossaday": -18069.35,
  "avgprofit_lossdaily": -293.05156334231793,
  "avgprofitonprofitdays": 3028.09090909091,
  "avglossonlossdays": -2469.5792957746485,
  "maxdrawdown": 108722.09244000005,
  "maxdrawdownper": 0.0,
  "avgmonthlyprofitstr": "-6.8K",
  "totalprofitstr": "-1.09L",
  "maxprofitadaystr": "9.09K",
  "maxlossadaystr": "-18.07K",
  "avgprofit_lossdailystr": "-293.05",
  "avgprofitonprofitdaysstr": "3.03K",
  "avglossonlossdaysstr": "-2.47K",
  "maxdrawdownstr": "1.09L",
  "expectancyratio": 0.0
}