{
  "capital": 0.0,
  "totaltradingdays": 59,
  "windays": 40,
  "lossdays": 19,
  "maxwinningstreakdays": 10,
  "maxlosingstreakdays": 2,
  "maxdddays": 22,
  "maxdddaysstr": " to 11/01/2024",
  "rewardtorisk": 0.0,
  "winrate": 67.79661016949152,
  "lossrate": 32.20338983050847,
  "avgmonthlyprofit": -594065.2351127499,
  "totalprofit": -2376260.9404509994,
  "maxprofitaday": 2536773.73,
  "maxlossaday": -4879288.78,
  "avgprofit_lossdaily": -26699.560898876363,
  "avgprofitonprofitdays": 690176.1670000002,
  "avglossonlossdays": -1578068.8210526316,
  "maxdrawdown": 12449630.37903,
  "maxdrawdownper": 0.0,
  "avgmonthlyprofitstr": "-5.94L",
  "totalprofitstr": "-23.76L",
  "maxprofitadaystr": "25.37L",
  "maxlossadaystr": "-48.79L",
  "avgprofit_lossdailystr": "-26.7K",
  "avgprofitonprofitdaysstr": "6.9L",
  "avglossonlossdaysstr": "-15.78L",
  "maxdrawdownstr": "1.24Cr",
  "expectancyratio": 0.0
}